Invoice_ID,Initial_Fail_Date,Failure_Reason,Retry_Attempts,Final_Status,Invoice_Value
INV-1000,2026-02-04,Insufficient Funds,4,Failed,178.71
INV-1001,2026-02-13,Generic Decline,3,Failed,187.16
INV-1002,2026-02-26,Insufficient Funds,4,Recovered,477.69
INV-1003,2026-02-16,Insufficient Funds,1,Failed,149.82
INV-1004,2026-02-23,Generic Decline,3,Failed,268.99
INV-1005,2026-02-06,Insufficient Funds,1,Failed,204.81
INV-1006,2026-02-24,Expired Card,4,Failed,317.29
INV-1007,2026-02-19,Insufficient Funds,2,Recovered,276.71
INV-1008,2026-02-18,Insufficient Funds,4,Failed,395.3
INV-1009,2026-02-19,Insufficient Funds,1,Failed,440.46
INV-1010,2026-02-18,Generic Decline,3,Recovered,143.92
INV-1011,2026-02-22,Insufficient Funds,1,Failed,397.94
INV-1012,2026-02-22,Generic Decline,1,Failed,396.88
INV-1013,2026-02-21,Insufficient Funds,3,Failed,473.41
INV-1014,2026-02-06,Generic Decline,4,Recovered,174.17
INV-1015,2026-02-26,Generic Decline,4,Recovered,253.69
INV-1016,2026-02-21,Insufficient Funds,1,Failed,464.27
INV-1017,2026-02-23,Restricted Card,4,Failed,168.53
INV-1018,2026-02-02,Insufficient Funds,2,Recovered,453.01
INV-1019,2026-02-02,Generic Decline,1,Failed,70.09
INV-1020,2026-02-18,Insufficient Funds,1,Failed,258.82
INV-1021,2026-02-06,Insufficient Funds,4,Failed,278.3
INV-1022,2026-02-17,Insufficient Funds,4,Failed,200.54
INV-1023,2026-02-10,Insufficient Funds,4,Failed,121.3
INV-1024,2026-02-20,Generic Decline,2,Recovered,190.12
INV-1025,2026-02-07,Restricted Card,3,Failed,214.1
INV-1026,2026-02-11,Restricted Card,3,Failed,213.03
INV-1027,2026-02-21,Generic Decline,2,Failed,339.38
INV-1028,2026-02-15,Insufficient Funds,2,Recovered,249.87
INV-1029,2026-02-14,Insufficient Funds,3,Failed,104.35
INV-1030,2026-02-24,Insufficient Funds,4,Failed,118.56
INV-1031,2026-02-14,Expired Card,3,Failed,159.36
INV-1032,2026-02-14,Insufficient Funds,1,Failed,154.02
INV-1033,2026-02-19,Insufficient Funds,2,Failed,432.06
INV-1034,2026-02-07,Insufficient Funds,2,Failed,427.53
INV-1035,2026-02-01,Expired Card,3,Failed,239.3
INV-1036,2026-02-15,Insufficient Funds,3,Failed,123.19
INV-1037,2026-02-17,Generic Decline,2,Failed,93.68
INV-1038,2026-02-22,Expired Card,4,Failed,77.32
INV-1039,2026-02-02,Insufficient Funds,2,Recovered,417.47
INV-1040,2026-02-02,Expired Card,1,Failed,231.37
INV-1041,2026-02-08,Insufficient Funds,1,Recovered,241.32
INV-1042,2026-02-04,Insufficient Funds,1,Failed,142.1
INV-1043,2026-02-18,Generic Decline,4,Failed,51.16
INV-1044,2026-02-02,Expired Card,4,Failed,179.11
INV-1045,2026-02-21,Insufficient Funds,4,Failed,224.89
INV-1046,2026-02-01,Expired Card,3,Failed,422.35
INV-1047,2026-02-14,Expired Card,1,Failed,357.93
INV-1048,2026-02-23,Generic Decline,3,Failed,236.89
INV-1049,2026-02-07,Insufficient Funds,4,Recovered,94.33
INV-1050,2026-02-06,Insufficient Funds,2,Failed,396.69
INV-1051,2026-02-24,Insufficient Funds,1,Failed,423.29
INV-1052,2026-02-19,Restricted Card,3,Failed,182.95
INV-1053,2026-02-20,Insufficient Funds,1,Failed,326.03
INV-1054,2026-02-22,Insufficient Funds,1,Recovered,392.6
INV-1055,2026-02-08,Insufficient Funds,2,Recovered,51.7
INV-1056,2026-02-21,Restricted Card,2,Failed,344.56
INV-1057,2026-02-21,Generic Decline,4,Failed,274.63
INV-1058,2026-02-09,Expired Card,2,Failed,416.15
INV-1059,2026-02-03,Expired Card,3,Failed,136.93
INV-1060,2026-02-08,Expired Card,3,Failed,88.42
INV-1061,2026-02-12,Insufficient Funds,3,Recovered,281.38
INV-1062,2026-02-06,Insufficient Funds,1,Failed,473.44
INV-1063,2026-02-01,Expired Card,1,Failed,469.15
INV-1064,2026-02-24,Insufficient Funds,3,Failed,126.81
INV-1065,2026-02-07,Insufficient Funds,1,Recovered,229.96
INV-1066,2026-02-09,Insufficient Funds,4,Failed,209.73
INV-1067,2026-02-06,Restricted Card,2,Failed,163.27
INV-1068,2026-02-07,Generic Decline,2,Failed,426.99
INV-1069,2026-02-13,Insufficient Funds,4,Failed,408.95
INV-1070,2026-02-05,Restricted Card,4,Failed,173.61
INV-1071,2026-02-20,Generic Decline,2,Failed,491.08
INV-1072,2026-02-06,Insufficient Funds,4,Recovered,101.3
INV-1073,2026-02-18,Generic Decline,3,Failed,75.61
INV-1074,2026-02-11,Insufficient Funds,2,Failed,428.88
INV-1075,2026-02-13,Restricted Card,3,Failed,350.29
INV-1076,2026-02-06,Insufficient Funds,3,Failed,102.47
INV-1077,2026-02-11,Restricted Card,4,Failed,428.14
INV-1078,2026-02-16,Generic Decline,2,Failed,242.2
INV-1079,2026-02-01,Insufficient Funds,4,Failed,201.91
INV-1080,2026-02-01,Insufficient Funds,4,Failed,126.29
INV-1081,2026-02-21,Generic Decline,3,Failed,207.51
INV-1082,2026-02-04,Insufficient Funds,3,Failed,423.58
INV-1083,2026-02-09,Insufficient Funds,3,Recovered,419.52
INV-1084,2026-02-17,Insufficient Funds,1,Failed,323.55
INV-1085,2026-02-08,Generic Decline,1,Recovered,139.37
INV-1086,2026-02-17,Generic Decline,1,Failed,479.36
INV-1087,2026-02-05,Generic Decline,4,Recovered,326.68
INV-1088,2026-02-03,Generic Decline,3,Failed,217.86
INV-1089,2026-02-16,Restricted Card,3,Recovered,146.91
INV-1090,2026-02-09,Insufficient Funds,1,Recovered,376.33
INV-1091,2026-02-24,Restricted Card,1,Failed,472.76
INV-1092,2026-02-03,Insufficient Funds,2,Failed,285.87
INV-1093,2026-02-13,Expired Card,4,Failed,196.75
INV-1094,2026-02-02,Generic Decline,2,Failed,54.75
INV-1095,2026-02-16,Insufficient Funds,2,Failed,329.95
INV-1096,2026-02-10,Restricted Card,1,Failed,354.33
INV-1097,2026-02-01,Insufficient Funds,1,Failed,160.19
INV-1098,2026-02-12,Generic Decline,2,Failed,311.16
INV-1099,2026-02-09,Expired Card,1,Failed,352.81
INV-1100,2026-02-13,Generic Decline,2,Recovered,99.54
INV-1101,2026-02-13,Insufficient Funds,4,Failed,113.79
INV-1102,2026-02-16,Generic Decline,1,Recovered,114.53
INV-1103,2026-02-14,Insufficient Funds,2,Failed,240.47
INV-1104,2026-02-18,Insufficient Funds,3,Recovered,150.77
INV-1105,2026-02-09,Generic Decline,1,Failed,92.33
INV-1106,2026-02-04,Generic Decline,4,Failed,138.76
INV-1107,2026-02-09,Generic Decline,1,Failed,219.01
INV-1108,2026-02-20,Insufficient Funds,2,Failed,261.32
INV-1109,2026-02-16,Generic Decline,4,Failed,109.04
INV-1110,2026-02-25,Generic Decline,2,Failed,129.49
INV-1111,2026-02-04,Insufficient Funds,4,Failed,119.53
INV-1112,2026-02-11,Insufficient Funds,3,Recovered,352.41
INV-1113,2026-02-03,Restricted Card,4,Failed,368.65
INV-1114,2026-02-18,Expired Card,4,Failed,50.46
INV-1115,2026-02-01,Expired Card,3,Failed,273.83
INV-1116,2026-02-09,Generic Decline,4,Failed,213.67
INV-1117,2026-02-15,Insufficient Funds,1,Failed,278.37
INV-1118,2026-02-23,Insufficient Funds,3,Recovered,379.6
INV-1119,2026-02-06,Generic Decline,3,Recovered,315.91
INV-1120,2026-02-07,Restricted Card,3,Failed,205.6
INV-1121,2026-02-02,Restricted Card,1,Failed,75.47
INV-1122,2026-02-06,Insufficient Funds,4,Failed,105.47
INV-1123,2026-02-04,Insufficient Funds,1,Failed,133.28
INV-1124,2026-02-13,Restricted Card,1,Failed,163.88
INV-1125,2026-02-09,Insufficient Funds,3,Failed,491.28
INV-1126,2026-02-05,Expired Card,3,Failed,363.39
INV-1127,2026-02-13,Insufficient Funds,2,Failed,399.42
INV-1128,2026-02-20,Restricted Card,3,Failed,400.48
INV-1129,2026-02-25,Generic Decline,1,Recovered,188.79
INV-1130,2026-02-25,Generic Decline,4,Failed,280.44
INV-1131,2026-02-26,Insufficient Funds,1,Failed,337.42
INV-1132,2026-02-12,Expired Card,1,Failed,375.97
INV-1133,2026-02-17,Generic Decline,2,Failed,210.0
INV-1134,2026-02-18,Insufficient Funds,1,Failed,180.77
INV-1135,2026-02-04,Expired Card,3,Failed,257.8
INV-1136,2026-02-10,Expired Card,3,Failed,315.98
INV-1137,2026-02-19,Generic Decline,2,Failed,160.85
INV-1138,2026-02-07,Expired Card,4,Failed,96.05
INV-1139,2026-02-25,Generic Decline,1,Failed,229.73
INV-1140,2026-02-08,Expired Card,2,Failed,67.18
INV-1141,2026-02-03,Insufficient Funds,1,Recovered,159.47
INV-1142,2026-02-07,Generic Decline,1,Recovered,450.37
INV-1143,2026-02-17,Generic Decline,2,Failed,471.7
INV-1144,2026-02-22,Insufficient Funds,4,Failed,231.83
INV-1145,2026-02-22,Insufficient Funds,3,Recovered,324.01
INV-1146,2026-02-05,Expired Card,1,Failed,292.68
INV-1147,2026-02-06,Insufficient Funds,4,Failed,72.8
INV-1148,2026-02-04,Expired Card,4,Failed,200.63
INV-1149,2026-02-26,Generic Decline,4,Recovered,50.92
INV-1150,2026-02-20,Insufficient Funds,1,Failed,375.17
INV-1151,2026-02-16,Generic Decline,1,Failed,280.12
INV-1152,2026-02-17,Generic Decline,1,Failed,277.3
INV-1153,2026-02-16,Generic Decline,2,Failed,342.35
INV-1154,2026-02-04,Expired Card,2,Failed,151.4
INV-1155,2026-02-23,Insufficient Funds,4,Recovered,296.9
INV-1156,2026-02-04,Insufficient Funds,2,Failed,456.55
INV-1157,2026-02-20,Expired Card,1,Failed,161.82
INV-1158,2026-02-01,Insufficient Funds,4,Recovered,321.53
INV-1159,2026-02-10,Insufficient Funds,2,Failed,238.18
INV-1160,2026-02-06,Generic Decline,2,Failed,197.94
INV-1161,2026-02-17,Generic Decline,4,Failed,228.71
INV-1162,2026-02-06,Restricted Card,1,Failed,273.28
INV-1163,2026-02-19,Generic Decline,1,Failed,335.47
INV-1164,2026-02-01,Insufficient Funds,3,Recovered,143.79
INV-1165,2026-02-10,Insufficient Funds,2,Failed,96.01
INV-1166,2026-02-21,Insufficient Funds,3,Recovered,161.86
INV-1167,2026-02-03,Insufficient Funds,2,Recovered,318.49
INV-1168,2026-02-08,Expired Card,4,Failed,86.1
INV-1169,2026-02-23,Generic Decline,3,Recovered,235.41
INV-1170,2026-02-14,Generic Decline,2,Failed,177.6
INV-1171,2026-02-09,Insufficient Funds,4,Failed,470.4
INV-1172,2026-02-24,Insufficient Funds,1,Failed,58.57
INV-1173,2026-02-02,Generic Decline,1,Recovered,496.59
INV-1174,2026-02-18,Insufficient Funds,4,Failed,273.26
INV-1175,2026-02-14,Generic Decline,2,Failed,407.86
INV-1176,2026-02-09,Generic Decline,4,Recovered,70.88
INV-1177,2026-02-19,Insufficient Funds,2,Failed,184.87
INV-1178,2026-02-22,Insufficient Funds,4,Failed,75.65
INV-1179,2026-02-02,Restricted Card,1,Failed,446.75
INV-1180,2026-02-14,Insufficient Funds,4,Failed,155.7
INV-1181,2026-02-14,Generic Decline,4,Failed,60.91
INV-1182,2026-02-16,Restricted Card,1,Failed,301.25
INV-1183,2026-02-20,Restricted Card,2,Failed,450.75
INV-1184,2026-02-24,Insufficient Funds,4,Recovered,121.37
INV-1185,2026-02-11,Insufficient Funds,3,Recovered,361.48
INV-1186,2026-02-07,Insufficient Funds,3,Failed,371.62
INV-1187,2026-02-02,Insufficient Funds,3,Failed,60.56
INV-1188,2026-02-02,Expired Card,3,Recovered,62.4
INV-1189,2026-02-26,Expired Card,3,Failed,457.61
INV-1190,2026-02-15,Insufficient Funds,1,Failed,69.98
INV-1191,2026-02-25,Generic Decline,1,Failed,282.7
INV-1192,2026-02-17,Generic Decline,2,Failed,256.14
INV-1193,2026-02-07,Insufficient Funds,3,Recovered,466.59
INV-1194,2026-02-24,Expired Card,3,Failed,215.85
INV-1195,2026-02-19,Restricted Card,4,Failed,70.9
INV-1196,2026-02-02,Insufficient Funds,4,Failed,290.77
INV-1197,2026-02-07,Insufficient Funds,1,Failed,358.16
INV-1198,2026-02-11,Expired Card,3,Failed,236.31
INV-1199,2026-02-26,Expired Card,1,Failed,410.15
INV-1200,2026-02-16,Insufficient Funds,3,Failed,62.61
INV-1201,2026-02-08,Generic Decline,3,Failed,246.0
INV-1202,2026-02-12,Insufficient Funds,1,Failed,324.42
INV-1203,2026-02-23,Insufficient Funds,4,Recovered,478.63
INV-1204,2026-02-06,Restricted Card,2,Recovered,98.15
INV-1205,2026-02-09,Insufficient Funds,1,Failed,332.7
INV-1206,2026-02-19,Restricted Card,1,Failed,121.68
INV-1207,2026-02-08,Generic Decline,1,Failed,102.89
INV-1208,2026-02-02,Insufficient Funds,4,Failed,372.57
INV-1209,2026-02-25,Generic Decline,4,Failed,236.91
INV-1210,2026-02-16,Expired Card,2,Failed,128.64
INV-1211,2026-02-21,Insufficient Funds,4,Failed,160.61
INV-1212,2026-02-15,Insufficient Funds,4,Failed,265.86
INV-1213,2026-02-20,Insufficient Funds,4,Failed,470.23
INV-1214,2026-02-26,Insufficient Funds,2,Recovered,461.86
INV-1215,2026-02-10,Insufficient Funds,3,Failed,258.54
INV-1216,2026-02-25,Generic Decline,4,Recovered,255.05
INV-1217,2026-02-11,Insufficient Funds,2,Failed,236.88
INV-1218,2026-02-26,Insufficient Funds,2,Failed,142.89
INV-1219,2026-02-02,Generic Decline,3,Recovered,339.63
INV-1220,2026-02-19,Insufficient Funds,4,Failed,342.96
INV-1221,2026-02-01,Insufficient Funds,3,Failed,74.29
INV-1222,2026-02-26,Expired Card,1,Failed,444.97
INV-1223,2026-02-24,Restricted Card,1,Failed,414.47
INV-1224,2026-02-21,Insufficient Funds,3,Recovered,292.27
INV-1225,2026-02-25,Expired Card,3,Failed,383.73
INV-1226,2026-02-09,Insufficient Funds,1,Failed,291.82
INV-1227,2026-02-20,Insufficient Funds,2,Failed,457.24
INV-1228,2026-02-18,Insufficient Funds,2,Failed,341.7
INV-1229,2026-02-08,Insufficient Funds,2,Recovered,410.85
INV-1230,2026-02-21,Insufficient Funds,4,Failed,420.56
INV-1231,2026-02-04,Generic Decline,2,Failed,407.98
INV-1232,2026-02-19,Restricted Card,4,Failed,289.02
INV-1233,2026-02-25,Insufficient Funds,4,Failed,168.48
INV-1234,2026-02-04,Insufficient Funds,2,Failed,340.41
INV-1235,2026-02-03,Insufficient Funds,2,Failed,410.71
INV-1236,2026-02-03,Insufficient Funds,4,Failed,405.6
INV-1237,2026-02-02,Generic Decline,1,Failed,77.05
INV-1238,2026-02-02,Insufficient Funds,1,Failed,211.97
INV-1239,2026-02-19,Restricted Card,2,Failed,70.3
INV-1240,2026-02-21,Generic Decline,1,Failed,193.24
INV-1241,2026-02-15,Generic Decline,2,Failed,463.11
INV-1242,2026-02-02,Generic Decline,1,Failed,163.66
INV-1243,2026-02-01,Insufficient Funds,4,Failed,364.07
INV-1244,2026-02-06,Restricted Card,1,Failed,218.9
INV-1245,2026-02-19,Generic Decline,3,Failed,112.22
INV-1246,2026-02-25,Insufficient Funds,1,Recovered,275.47
INV-1247,2026-02-04,Generic Decline,4,Failed,82.65
INV-1248,2026-02-25,Generic Decline,1,Recovered,292.26
INV-1249,2026-02-19,Restricted Card,4,Failed,221.82
INV-1250,2026-02-11,Generic Decline,2,Failed,57.0
INV-1251,2026-02-22,Insufficient Funds,4,Failed,304.74
INV-1252,2026-02-11,Generic Decline,2,Recovered,283.43
INV-1253,2026-02-08,Restricted Card,2,Failed,424.19
INV-1254,2026-02-24,Restricted Card,2,Failed,206.29
INV-1255,2026-02-06,Generic Decline,2,Failed,302.73
INV-1256,2026-02-08,Restricted Card,1,Failed,440.91
INV-1257,2026-02-19,Insufficient Funds,2,Recovered,326.3
INV-1258,2026-02-01,Insufficient Funds,2,Failed,64.46
INV-1259,2026-02-19,Restricted Card,4,Recovered,335.72
INV-1260,2026-02-08,Generic Decline,1,Failed,118.57
INV-1261,2026-02-13,Restricted Card,4,Failed,246.82
INV-1262,2026-02-24,Expired Card,3,Failed,416.87
INV-1263,2026-02-23,Insufficient Funds,1,Failed,366.66
INV-1264,2026-02-12,Insufficient Funds,3,Failed,112.48
INV-1265,2026-02-04,Expired Card,3,Failed,319.13
INV-1266,2026-02-05,Restricted Card,4,Failed,264.38
INV-1267,2026-02-07,Expired Card,1,Failed,480.43
INV-1268,2026-02-08,Expired Card,1,Failed,205.78
INV-1269,2026-02-20,Generic Decline,1,Recovered,231.56
INV-1270,2026-02-07,Restricted Card,1,Failed,346.92
INV-1271,2026-02-01,Insufficient Funds,2,Failed,290.04
INV-1272,2026-02-17,Generic Decline,4,Failed,383.66
INV-1273,2026-02-07,Insufficient Funds,4,Failed,361.66
INV-1274,2026-02-06,Generic Decline,2,Failed,266.93
INV-1275,2026-02-20,Generic Decline,1,Failed,146.7
INV-1276,2026-02-02,Generic Decline,2,Failed,499.11
INV-1277,2026-02-19,Expired Card,4,Failed,258.01
INV-1278,2026-02-13,Insufficient Funds,2,Recovered,392.28
INV-1279,2026-02-02,Expired Card,1,Failed,59.66
INV-1280,2026-02-22,Generic Decline,4,Failed,450.53
INV-1281,2026-02-16,Insufficient Funds,1,Recovered,235.03
INV-1282,2026-02-25,Insufficient Funds,3,Failed,377.27
INV-1283,2026-02-09,Insufficient Funds,3,Failed,447.97
INV-1284,2026-02-13,Restricted Card,3,Failed,352.03
INV-1285,2026-02-14,Generic Decline,1,Failed,472.77
INV-1286,2026-02-10,Insufficient Funds,4,Failed,338.46
INV-1287,2026-02-24,Expired Card,3,Failed,442.67
INV-1288,2026-02-08,Insufficient Funds,3,Failed,122.78
INV-1289,2026-02-17,Generic Decline,1,Failed,264.2
INV-1290,2026-02-16,Generic Decline,4,Failed,113.88
INV-1291,2026-02-26,Generic Decline,1,Failed,79.4
INV-1292,2026-02-18,Generic Decline,1,Failed,262.51
INV-1293,2026-02-05,Insufficient Funds,3,Recovered,429.58
INV-1294,2026-02-14,Insufficient Funds,2,Recovered,480.6
INV-1295,2026-02-01,Insufficient Funds,3,Failed,206.31
INV-1296,2026-02-26,Insufficient Funds,2,Failed,145.36
INV-1297,2026-02-25,Expired Card,1,Failed,301.01
INV-1298,2026-02-17,Generic Decline,1,Recovered,83.22
INV-1299,2026-02-16,Insufficient Funds,3,Recovered,393.23
INV-1300,2026-02-17,Insufficient Funds,4,Failed,378.89
INV-1301,2026-02-10,Insufficient Funds,2,Recovered,213.38
INV-1302,2026-02-15,Insufficient Funds,3,Failed,166.97
INV-1303,2026-02-09,Insufficient Funds,1,Failed,295.3
INV-1304,2026-02-21,Generic Decline,3,Failed,498.14
INV-1305,2026-02-03,Insufficient Funds,2,Failed,241.38
INV-1306,2026-02-10,Generic Decline,3,Recovered,341.1
INV-1307,2026-02-19,Expired Card,2,Failed,261.89
INV-1308,2026-02-22,Insufficient Funds,1,Failed,442.2
INV-1309,2026-02-05,Expired Card,2,Failed,295.33
INV-1310,2026-02-17,Insufficient Funds,1,Recovered,317.71
INV-1311,2026-02-10,Insufficient Funds,1,Failed,457.33
INV-1312,2026-02-05,Generic Decline,2,Failed,149.2
INV-1313,2026-02-12,Generic Decline,1,Failed,270.47
INV-1314,2026-02-03,Insufficient Funds,3,Failed,55.54
INV-1315,2026-02-17,Generic Decline,2,Failed,426.04
INV-1316,2026-02-23,Generic Decline,4,Failed,315.51
INV-1317,2026-02-25,Insufficient Funds,2,Failed,220.62
INV-1318,2026-02-26,Generic Decline,3,Failed,88.24
INV-1319,2026-02-07,Insufficient Funds,2,Failed,374.85
INV-1320,2026-02-09,Insufficient Funds,2,Failed,257.12
INV-1321,2026-02-11,Insufficient Funds,3,Failed,314.02
INV-1322,2026-02-22,Insufficient Funds,4,Failed,230.5
INV-1323,2026-02-25,Generic Decline,3,Failed,208.98
INV-1324,2026-02-09,Expired Card,3,Failed,107.16
INV-1325,2026-02-17,Insufficient Funds,4,Failed,135.79
INV-1326,2026-02-15,Generic Decline,1,Failed,496.7
INV-1327,2026-02-08,Insufficient Funds,1,Recovered,312.96
INV-1328,2026-02-14,Insufficient Funds,2,Failed,442.36
INV-1329,2026-02-01,Generic Decline,4,Failed,94.25
INV-1330,2026-02-24,Insufficient Funds,4,Failed,173.47
INV-1331,2026-02-01,Generic Decline,4,Failed,386.03
INV-1332,2026-02-22,Insufficient Funds,2,Recovered,382.35
INV-1333,2026-02-08,Insufficient Funds,3,Recovered,488.01
INV-1334,2026-02-24,Insufficient Funds,1,Failed,420.91
INV-1335,2026-02-20,Insufficient Funds,3,Failed,271.51
INV-1336,2026-02-24,Insufficient Funds,2,Failed,177.04
INV-1337,2026-02-06,Insufficient Funds,2,Failed,339.89
INV-1338,2026-02-24,Insufficient Funds,3,Failed,311.68
INV-1339,2026-02-12,Restricted Card,1,Failed,214.68
INV-1340,2026-02-07,Expired Card,2,Failed,129.32
INV-1341,2026-02-10,Insufficient Funds,1,Failed,458.49
INV-1342,2026-02-08,Restricted Card,2,Failed,447.86
INV-1343,2026-02-18,Generic Decline,3,Failed,75.37
INV-1344,2026-02-14,Expired Card,3,Failed,352.14
INV-1345,2026-02-02,Insufficient Funds,1,Failed,427.84
INV-1346,2026-02-13,Generic Decline,4,Failed,79.94
INV-1347,2026-02-03,Insufficient Funds,1,Failed,276.46
INV-1348,2026-02-06,Insufficient Funds,1,Failed,72.46
INV-1349,2026-02-13,Insufficient Funds,4,Failed,148.56
INV-1350,2026-02-02,Generic Decline,4,Recovered,321.92
INV-1351,2026-02-10,Insufficient Funds,4,Recovered,81.25
INV-1352,2026-02-03,Insufficient Funds,1,Failed,324.33
INV-1353,2026-02-19,Insufficient Funds,2,Failed,88.6
INV-1354,2026-02-11,Insufficient Funds,4,Failed,435.06
INV-1355,2026-02-01,Expired Card,2,Failed,104.61
INV-1356,2026-02-14,Generic Decline,2,Failed,258.63
INV-1357,2026-02-08,Insufficient Funds,1,Failed,492.94
INV-1358,2026-02-24,Expired Card,3,Failed,152.33
INV-1359,2026-02-26,Insufficient Funds,2,Failed,460.35
INV-1360,2026-02-25,Restricted Card,1,Recovered,185.76
INV-1361,2026-02-11,Insufficient Funds,2,Failed,316.15
INV-1362,2026-02-03,Generic Decline,4,Failed,86.42
INV-1363,2026-02-13,Insufficient Funds,1,Failed,291.36
INV-1364,2026-02-26,Insufficient Funds,4,Recovered,458.82
INV-1365,2026-02-11,Insufficient Funds,3,Failed,467.87
INV-1366,2026-02-11,Generic Decline,1,Failed,372.92
INV-1367,2026-02-12,Insufficient Funds,4,Failed,132.69
INV-1368,2026-02-14,Insufficient Funds,2,Failed,149.67
INV-1369,2026-02-26,Insufficient Funds,3,Failed,260.17
INV-1370,2026-02-07,Generic Decline,4,Failed,110.11
INV-1371,2026-02-04,Generic Decline,3,Failed,92.45
INV-1372,2026-02-18,Insufficient Funds,2,Failed,175.4
INV-1373,2026-02-24,Insufficient Funds,3,Failed,133.06
INV-1374,2026-02-24,Restricted Card,3,Failed,105.48
INV-1375,2026-02-13,Insufficient Funds,4,Failed,263.35
INV-1376,2026-02-10,Generic Decline,3,Failed,313.14
INV-1377,2026-02-15,Insufficient Funds,3,Failed,264.32
INV-1378,2026-02-12,Generic Decline,1,Failed,426.37
INV-1379,2026-02-02,Expired Card,3,Failed,438.08
INV-1380,2026-02-07,Insufficient Funds,1,Failed,208.42
INV-1381,2026-02-23,Insufficient Funds,2,Failed,123.27
INV-1382,2026-02-02,Insufficient Funds,1,Failed,285.63
INV-1383,2026-02-24,Expired Card,2,Failed,227.23
INV-1384,2026-02-10,Insufficient Funds,2,Failed,215.63
INV-1385,2026-02-20,Insufficient Funds,2,Failed,321.22
INV-1386,2026-02-11,Insufficient Funds,3,Failed,75.39
INV-1387,2026-02-03,Expired Card,4,Failed,287.38
INV-1388,2026-02-16,Insufficient Funds,4,Failed,261.31
INV-1389,2026-02-26,Generic Decline,1,Failed,190.98
INV-1390,2026-02-05,Generic Decline,2,Failed,308.61
INV-1391,2026-02-01,Insufficient Funds,3,Failed,165.51
INV-1392,2026-02-12,Insufficient Funds,1,Failed,121.84
INV-1393,2026-02-13,Generic Decline,2,Failed,234.7
INV-1394,2026-02-22,Generic Decline,2,Failed,301.46
INV-1395,2026-02-24,Insufficient Funds,3,Failed,348.02
INV-1396,2026-02-02,Generic Decline,3,Failed,307.04
INV-1397,2026-02-23,Insufficient Funds,1,Failed,305.73
INV-1398,2026-02-17,Restricted Card,3,Failed,170.54
INV-1399,2026-02-20,Generic Decline,1,Failed,303.17
INV-1400,2026-02-12,Generic Decline,4,Recovered,432.64
INV-1401,2026-02-06,Generic Decline,4,Failed,110.14
INV-1402,2026-02-24,Insufficient Funds,3,Failed,219.52
INV-1403,2026-02-01,Restricted Card,2,Failed,303.79
INV-1404,2026-02-01,Generic Decline,1,Recovered,417.33
INV-1405,2026-02-05,Restricted Card,1,Failed,206.86
INV-1406,2026-02-05,Insufficient Funds,1,Failed,263.31
INV-1407,2026-02-14,Expired Card,1,Failed,294.88
INV-1408,2026-02-21,Generic Decline,2,Failed,317.64
INV-1409,2026-02-05,Insufficient Funds,4,Failed,322.4
INV-1410,2026-02-20,Expired Card,3,Recovered,340.13
INV-1411,2026-02-08,Insufficient Funds,3,Failed,303.4
INV-1412,2026-02-14,Generic Decline,2,Failed,457.94
INV-1413,2026-02-05,Insufficient Funds,2,Failed,107.15
INV-1414,2026-02-24,Generic Decline,2,Failed,91.25
INV-1415,2026-02-20,Insufficient Funds,2,Failed,409.56
INV-1416,2026-02-11,Insufficient Funds,3,Recovered,348.77
INV-1417,2026-02-18,Generic Decline,4,Failed,497.41
INV-1418,2026-02-12,Restricted Card,1,Failed,353.27
INV-1419,2026-02-03,Generic Decline,2,Failed,158.88
INV-1420,2026-02-22,Insufficient Funds,1,Failed,375.21
INV-1421,2026-02-21,Insufficient Funds,4,Failed,154.92
INV-1422,2026-02-08,Insufficient Funds,2,Failed,90.38
INV-1423,2026-02-19,Insufficient Funds,1,Failed,211.97
INV-1424,2026-02-09,Generic Decline,1,Failed,488.4
INV-1425,2026-02-14,Insufficient Funds,2,Failed,184.98
INV-1426,2026-02-08,Insufficient Funds,2,Failed,447.11
INV-1427,2026-02-23,Insufficient Funds,3,Recovered,199.98
INV-1428,2026-02-06,Insufficient Funds,3,Failed,150.73
INV-1429,2026-02-23,Generic Decline,2,Recovered,53.26
INV-1430,2026-02-03,Expired Card,4,Failed,111.43
INV-1431,2026-02-01,Generic Decline,3,Failed,111.53
INV-1432,2026-02-16,Insufficient Funds,3,Failed,158.45
INV-1433,2026-02-21,Insufficient Funds,4,Recovered,445.53
INV-1434,2026-02-21,Expired Card,2,Failed,317.3
INV-1435,2026-02-01,Insufficient Funds,3,Failed,238.18
INV-1436,2026-02-15,Generic Decline,2,Failed,427.8
INV-1437,2026-02-05,Insufficient Funds,2,Recovered,390.44
INV-1438,2026-02-04,Generic Decline,2,Failed,319.68
INV-1439,2026-02-22,Insufficient Funds,1,Recovered,308.28
INV-1440,2026-02-01,Insufficient Funds,4,Failed,271.5
INV-1441,2026-02-08,Insufficient Funds,1,Recovered,218.48
INV-1442,2026-02-09,Expired Card,2,Failed,396.4
INV-1443,2026-02-18,Generic Decline,2,Failed,336.63
INV-1444,2026-02-12,Insufficient Funds,4,Recovered,433.74
INV-1445,2026-02-12,Generic Decline,4,Failed,454.3
INV-1446,2026-02-09,Expired Card,2,Failed,330.45
INV-1447,2026-02-07,Generic Decline,2,Failed,362.57
INV-1448,2026-02-01,Insufficient Funds,3,Failed,101.66
INV-1449,2026-02-14,Insufficient Funds,2,Recovered,390.34
INV-1450,2026-02-05,Insufficient Funds,4,Recovered,73.1
INV-1451,2026-02-02,Insufficient Funds,2,Failed,307.33
INV-1452,2026-02-18,Insufficient Funds,2,Failed,403.62
INV-1453,2026-02-23,Expired Card,2,Failed,445.78
INV-1454,2026-02-18,Insufficient Funds,4,Failed,313.29
INV-1455,2026-02-11,Generic Decline,3,Failed,456.68
INV-1456,2026-02-14,Generic Decline,3,Failed,411.51
INV-1457,2026-02-19,Generic Decline,4,Failed,203.66
INV-1458,2026-02-19,Insufficient Funds,1,Failed,355.47
INV-1459,2026-02-02,Expired Card,2,Failed,379.54
INV-1460,2026-02-20,Expired Card,2,Failed,365.03
INV-1461,2026-02-12,Expired Card,4,Failed,79.16
INV-1462,2026-02-08,Insufficient Funds,4,Recovered,442.96
INV-1463,2026-02-20,Insufficient Funds,2,Failed,486.97
INV-1464,2026-02-14,Generic Decline,4,Failed,122.46
INV-1465,2026-02-22,Insufficient Funds,2,Failed,151.89
INV-1466,2026-02-26,Restricted Card,2,Failed,342.99
INV-1467,2026-02-18,Insufficient Funds,3,Failed,241.44
INV-1468,2026-02-18,Insufficient Funds,1,Failed,389.43
INV-1469,2026-02-16,Insufficient Funds,4,Failed,329.5
INV-1470,2026-02-23,Insufficient Funds,2,Failed,119.49
INV-1471,2026-02-14,Generic Decline,4,Failed,385.75
INV-1472,2026-02-22,Insufficient Funds,1,Recovered,336.8
INV-1473,2026-02-25,Insufficient Funds,2,Failed,275.35
INV-1474,2026-02-13,Expired Card,1,Failed,225.6
INV-1475,2026-02-06,Generic Decline,2,Failed,74.67
INV-1476,2026-02-25,Insufficient Funds,1,Failed,407.98
INV-1477,2026-02-16,Insufficient Funds,4,Failed,154.92
INV-1478,2026-02-04,Generic Decline,1,Recovered,434.48
INV-1479,2026-02-18,Insufficient Funds,1,Failed,169.65
INV-1480,2026-02-16,Insufficient Funds,1,Failed,425.0
INV-1481,2026-02-11,Insufficient Funds,2,Failed,199.37
INV-1482,2026-02-24,Insufficient Funds,4,Failed,258.82
INV-1483,2026-02-19,Generic Decline,1,Failed,84.23
INV-1484,2026-02-07,Generic Decline,3,Failed,153.4
INV-1485,2026-02-09,Generic Decline,4,Failed,315.95
INV-1486,2026-02-24,Generic Decline,3,Failed,232.96
INV-1487,2026-02-18,Insufficient Funds,2,Failed,107.54
INV-1488,2026-02-18,Generic Decline,2,Recovered,317.7
INV-1489,2026-02-10,Generic Decline,4,Failed,397.71
INV-1490,2026-02-06,Insufficient Funds,3,Failed,452.48
INV-1491,2026-02-02,Insufficient Funds,3,Recovered,247.54
INV-1492,2026-02-04,Generic Decline,3,Failed,184.92
INV-1493,2026-02-22,Generic Decline,1,Failed,191.99
INV-1494,2026-02-07,Insufficient Funds,4,Failed,282.96
INV-1495,2026-02-14,Expired Card,2,Failed,364.56
INV-1496,2026-02-05,Insufficient Funds,4,Failed,93.21
INV-1497,2026-02-24,Insufficient Funds,1,Recovered,281.42
INV-1498,2026-02-02,Restricted Card,4,Recovered,439.42
INV-1499,2026-02-25,Restricted Card,1,Failed,345.92
INV-1500,2026-02-08,Insufficient Funds,4,Failed,77.74
INV-1501,2026-02-10,Expired Card,4,Failed,52.96
INV-1502,2026-02-20,Expired Card,1,Failed,263.8
INV-1503,2026-02-22,Generic Decline,4,Failed,491.93
INV-1504,2026-02-09,Insufficient Funds,3,Failed,368.15
INV-1505,2026-02-03,Insufficient Funds,1,Failed,257.07
INV-1506,2026-02-04,Restricted Card,4,Recovered,458.32
INV-1507,2026-02-26,Generic Decline,2,Failed,307.69
INV-1508,2026-02-14,Insufficient Funds,2,Failed,279.52
INV-1509,2026-02-03,Restricted Card,2,Recovered,282.97
INV-1510,2026-02-25,Generic Decline,1,Failed,328.75
INV-1511,2026-02-21,Restricted Card,2,Failed,359.18
INV-1512,2026-02-20,Restricted Card,4,Failed,123.57
INV-1513,2026-02-25,Expired Card,1,Failed,331.35
INV-1514,2026-02-07,Insufficient Funds,2,Failed,391.33
INV-1515,2026-02-11,Insufficient Funds,3,Failed,228.31
INV-1516,2026-02-06,Insufficient Funds,1,Recovered,65.54
INV-1517,2026-02-07,Insufficient Funds,4,Failed,149.98
INV-1518,2026-02-19,Insufficient Funds,2,Failed,303.78
INV-1519,2026-02-03,Insufficient Funds,3,Failed,93.83
INV-1520,2026-02-23,Generic Decline,2,Failed,291.32
INV-1521,2026-02-14,Insufficient Funds,4,Failed,197.54
INV-1522,2026-02-16,Expired Card,2,Failed,317.68
INV-1523,2026-02-14,Insufficient Funds,1,Recovered,494.1
INV-1524,2026-02-12,Expired Card,4,Recovered,153.98
INV-1525,2026-02-14,Expired Card,2,Failed,281.93
INV-1526,2026-02-04,Restricted Card,3,Failed,445.02
INV-1527,2026-02-15,Restricted Card,1,Failed,375.96
INV-1528,2026-02-04,Expired Card,4,Failed,275.28
INV-1529,2026-02-24,Generic Decline,4,Failed,292.97
INV-1530,2026-02-15,Expired Card,4,Failed,333.04
INV-1531,2026-02-13,Expired Card,3,Failed,141.75
INV-1532,2026-02-20,Insufficient Funds,3,Failed,359.42
INV-1533,2026-02-22,Insufficient Funds,3,Recovered,485.98
INV-1534,2026-02-16,Insufficient Funds,4,Failed,181.14
INV-1535,2026-02-15,Insufficient Funds,4,Recovered,289.99
INV-1536,2026-02-17,Insufficient Funds,1,Recovered,443.79
INV-1537,2026-02-11,Restricted Card,3,Failed,499.57
INV-1538,2026-02-04,Insufficient Funds,4,Failed,447.06
INV-1539,2026-02-24,Insufficient Funds,1,Failed,201.09
INV-1540,2026-02-19,Expired Card,1,Failed,284.18
INV-1541,2026-02-20,Insufficient Funds,3,Failed,426.02
INV-1542,2026-02-22,Restricted Card,4,Failed,312.51
INV-1543,2026-02-16,Generic Decline,3,Recovered,186.18
INV-1544,2026-02-08,Restricted Card,1,Failed,408.49
INV-1545,2026-02-22,Restricted Card,3,Failed,182.11
INV-1546,2026-02-14,Generic Decline,3,Failed,232.07
INV-1547,2026-02-18,Insufficient Funds,2,Recovered,418.53
INV-1548,2026-02-19,Insufficient Funds,2,Recovered,275.12
INV-1549,2026-02-23,Expired Card,3,Failed,257.99
INV-1550,2026-02-19,Insufficient Funds,2,Failed,393.15
INV-1551,2026-02-01,Expired Card,2,Failed,329.42
INV-1552,2026-02-03,Restricted Card,2,Recovered,342.59
INV-1553,2026-02-14,Insufficient Funds,2,Failed,451.61
INV-1554,2026-02-06,Generic Decline,3,Recovered,204.8
INV-1555,2026-02-18,Expired Card,4,Failed,410.03
INV-1556,2026-02-10,Insufficient Funds,4,Failed,289.15
INV-1557,2026-02-09,Generic Decline,3,Failed,223.23
INV-1558,2026-02-03,Insufficient Funds,2,Failed,111.64
INV-1559,2026-02-15,Insufficient Funds,2,Recovered,223.32
INV-1560,2026-02-15,Expired Card,3,Failed,430.7
INV-1561,2026-02-04,Expired Card,4,Failed,173.04
INV-1562,2026-02-20,Generic Decline,4,Failed,104.85
INV-1563,2026-02-06,Insufficient Funds,3,Failed,494.02
INV-1564,2026-02-15,Insufficient Funds,2,Failed,256.11
INV-1565,2026-02-09,Generic Decline,2,Failed,125.13
INV-1566,2026-02-21,Insufficient Funds,3,Recovered,131.81
INV-1567,2026-02-01,Generic Decline,3,Recovered,452.9
INV-1568,2026-02-13,Expired Card,1,Failed,289.14
INV-1569,2026-02-01,Generic Decline,1,Failed,230.86
INV-1570,2026-02-17,Expired Card,3,Failed,448.55
INV-1571,2026-02-06,Generic Decline,4,Failed,478.72
INV-1572,2026-02-25,Insufficient Funds,1,Failed,478.08
INV-1573,2026-02-09,Expired Card,1,Failed,427.75
INV-1574,2026-02-16,Expired Card,4,Failed,93.49
INV-1575,2026-02-26,Generic Decline,3,Failed,343.29
INV-1576,2026-02-25,Generic Decline,3,Failed,76.62
INV-1577,2026-02-15,Generic Decline,4,Failed,269.74
INV-1578,2026-02-23,Insufficient Funds,2,Failed,151.49
INV-1579,2026-02-21,Expired Card,1,Recovered,397.01
INV-1580,2026-02-02,Expired Card,1,Failed,300.03
INV-1581,2026-02-07,Insufficient Funds,4,Failed,453.43
INV-1582,2026-02-04,Insufficient Funds,4,Failed,204.17
INV-1583,2026-02-07,Expired Card,4,Failed,408.93
INV-1584,2026-02-19,Insufficient Funds,3,Failed,381.86
INV-1585,2026-02-10,Generic Decline,2,Failed,97.5
INV-1586,2026-02-11,Generic Decline,4,Failed,99.63
INV-1587,2026-02-03,Generic Decline,2,Failed,392.85
INV-1588,2026-02-11,Expired Card,4,Failed,449.78
INV-1589,2026-02-04,Expired Card,4,Failed,187.71
INV-1590,2026-02-23,Restricted Card,4,Failed,474.88
INV-1591,2026-02-14,Generic Decline,3,Failed,72.9
INV-1592,2026-02-06,Insufficient Funds,1,Failed,121.25
INV-1593,2026-02-06,Generic Decline,4,Recovered,339.21
INV-1594,2026-02-15,Insufficient Funds,1,Failed,228.4
INV-1595,2026-02-15,Insufficient Funds,3,Failed,487.18
INV-1596,2026-02-26,Insufficient Funds,2,Failed,453.35
INV-1597,2026-02-06,Insufficient Funds,4,Failed,317.92
INV-1598,2026-02-04,Restricted Card,4,Failed,346.05
INV-1599,2026-02-02,Generic Decline,1,Recovered,497.89
INV-1600,2026-02-25,Expired Card,1,Recovered,423.01
INV-1601,2026-02-23,Insufficient Funds,2,Failed,127.36
INV-1602,2026-02-12,Generic Decline,2,Failed,318.88
INV-1603,2026-02-08,Generic Decline,2,Failed,397.38
INV-1604,2026-02-11,Insufficient Funds,4,Failed,205.7
INV-1605,2026-02-22,Insufficient Funds,4,Failed,481.34
INV-1606,2026-02-23,Insufficient Funds,2,Failed,409.35
INV-1607,2026-02-06,Generic Decline,2,Failed,200.11
INV-1608,2026-02-08,Insufficient Funds,2,Failed,299.16
INV-1609,2026-02-01,Generic Decline,1,Failed,446.93
INV-1610,2026-02-08,Restricted Card,4,Recovered,323.05
INV-1611,2026-02-10,Insufficient Funds,1,Failed,125.02
INV-1612,2026-02-20,Insufficient Funds,2,Failed,179.64
INV-1613,2026-02-14,Insufficient Funds,3,Failed,69.5
INV-1614,2026-02-13,Restricted Card,3,Failed,341.66
INV-1615,2026-02-21,Expired Card,2,Failed,372.11
INV-1616,2026-02-22,Insufficient Funds,1,Recovered,331.09
INV-1617,2026-02-02,Generic Decline,2,Failed,157.08
INV-1618,2026-02-18,Expired Card,4,Failed,165.77
INV-1619,2026-02-13,Restricted Card,2,Recovered,449.56
INV-1620,2026-02-15,Expired Card,3,Failed,172.03
INV-1621,2026-02-04,Expired Card,1,Failed,361.47
INV-1622,2026-02-24,Expired Card,2,Failed,89.12
INV-1623,2026-02-15,Insufficient Funds,3,Recovered,199.33
INV-1624,2026-02-25,Restricted Card,2,Failed,109.46
INV-1625,2026-02-05,Expired Card,2,Failed,436.12
INV-1626,2026-02-10,Insufficient Funds,3,Recovered,307.84
INV-1627,2026-02-16,Generic Decline,1,Failed,195.1
INV-1628,2026-02-08,Insufficient Funds,1,Failed,320.3
INV-1629,2026-02-04,Insufficient Funds,1,Failed,95.83
INV-1630,2026-02-08,Insufficient Funds,4,Failed,361.59
INV-1631,2026-02-20,Insufficient Funds,4,Failed,230.3
INV-1632,2026-02-18,Insufficient Funds,4,Recovered,459.06
INV-1633,2026-02-15,Insufficient Funds,1,Failed,83.66
INV-1634,2026-02-23,Generic Decline,2,Failed,176.94
INV-1635,2026-02-11,Generic Decline,2,Failed,445.12
INV-1636,2026-02-16,Expired Card,2,Recovered,304.66
INV-1637,2026-02-08,Generic Decline,2,Recovered,156.93
INV-1638,2026-02-08,Insufficient Funds,3,Failed,131.63
INV-1639,2026-02-11,Insufficient Funds,3,Failed,117.64
INV-1640,2026-02-06,Generic Decline,1,Failed,139.75
INV-1641,2026-02-21,Generic Decline,4,Recovered,462.74
INV-1642,2026-02-08,Insufficient Funds,4,Failed,62.31
INV-1643,2026-02-17,Insufficient Funds,3,Failed,70.4
INV-1644,2026-02-06,Insufficient Funds,4,Recovered,163.69
INV-1645,2026-02-03,Insufficient Funds,3,Recovered,179.98
INV-1646,2026-02-05,Generic Decline,4,Failed,385.52
INV-1647,2026-02-07,Expired Card,4,Failed,260.68
INV-1648,2026-02-17,Insufficient Funds,3,Recovered,465.24
INV-1649,2026-02-08,Generic Decline,4,Failed,223.36
INV-1650,2026-02-16,Insufficient Funds,3,Failed,100.55
INV-1651,2026-02-16,Insufficient Funds,3,Failed,110.8
INV-1652,2026-02-09,Generic Decline,2,Failed,356.39
INV-1653,2026-02-18,Generic Decline,3,Failed,174.82
INV-1654,2026-02-03,Insufficient Funds,1,Failed,121.86
INV-1655,2026-02-11,Insufficient Funds,4,Failed,388.99
INV-1656,2026-02-25,Generic Decline,3,Failed,165.28
INV-1657,2026-02-16,Generic Decline,3,Failed,371.6
INV-1658,2026-02-14,Generic Decline,4,Failed,213.77
INV-1659,2026-02-03,Insufficient Funds,3,Recovered,485.41
INV-1660,2026-02-08,Insufficient Funds,3,Recovered,229.17
INV-1661,2026-02-02,Expired Card,4,Failed,379.11
INV-1662,2026-02-11,Restricted Card,1,Failed,374.33
INV-1663,2026-02-16,Insufficient Funds,2,Failed,410.83
INV-1664,2026-02-05,Generic Decline,3,Failed,229.57
INV-1665,2026-02-21,Generic Decline,1,Failed,450.25
INV-1666,2026-02-02,Insufficient Funds,4,Failed,236.13
INV-1667,2026-02-26,Restricted Card,1,Failed,365.97
INV-1668,2026-02-13,Insufficient Funds,2,Failed,122.21
INV-1669,2026-02-23,Insufficient Funds,3,Recovered,133.16
INV-1670,2026-02-04,Insufficient Funds,1,Failed,220.54
INV-1671,2026-02-14,Expired Card,4,Failed,107.61
INV-1672,2026-02-25,Generic Decline,2,Failed,413.0
INV-1673,2026-02-05,Insufficient Funds,3,Failed,200.13
INV-1674,2026-02-10,Restricted Card,3,Recovered,183.34
INV-1675,2026-02-01,Expired Card,2,Failed,461.37
INV-1676,2026-02-19,Insufficient Funds,1,Failed,472.09
INV-1677,2026-02-14,Generic Decline,2,Failed,294.85
INV-1678,2026-02-18,Restricted Card,3,Failed,386.1
INV-1679,2026-02-20,Insufficient Funds,4,Failed,110.93
INV-1680,2026-02-13,Restricted Card,1,Failed,239.28
INV-1681,2026-02-14,Generic Decline,1,Failed,494.93
INV-1682,2026-02-10,Generic Decline,2,Recovered,67.14
INV-1683,2026-02-13,Generic Decline,1,Failed,253.61
INV-1684,2026-02-25,Insufficient Funds,3,Recovered,451.1
INV-1685,2026-02-01,Restricted Card,3,Recovered,144.0
INV-1686,2026-02-20,Expired Card,3,Failed,321.69
INV-1687,2026-02-26,Insufficient Funds,3,Failed,423.15
INV-1688,2026-02-18,Insufficient Funds,3,Failed,266.44
INV-1689,2026-02-09,Insufficient Funds,3,Failed,190.4
INV-1690,2026-02-23,Insufficient Funds,4,Failed,270.77
INV-1691,2026-02-05,Restricted Card,4,Failed,406.86
INV-1692,2026-02-21,Generic Decline,2,Failed,269.6
INV-1693,2026-02-13,Expired Card,1,Failed,144.79
INV-1694,2026-02-15,Restricted Card,3,Failed,206.62
INV-1695,2026-02-22,Insufficient Funds,1,Recovered,362.42
INV-1696,2026-02-14,Insufficient Funds,2,Failed,457.48
INV-1697,2026-02-12,Insufficient Funds,4,Failed,350.09
INV-1698,2026-02-03,Insufficient Funds,3,Recovered,453.79
INV-1699,2026-02-02,Generic Decline,4,Failed,96.16
INV-1700,2026-02-12,Insufficient Funds,2,Recovered,288.61
INV-1701,2026-02-14,Insufficient Funds,1,Failed,337.43
INV-1702,2026-02-11,Generic Decline,3,Failed,106.15
INV-1703,2026-02-17,Expired Card,1,Failed,444.02
INV-1704,2026-02-05,Generic Decline,4,Failed,85.63
INV-1705,2026-02-26,Insufficient Funds,4,Recovered,370.13
INV-1706,2026-02-13,Insufficient Funds,1,Recovered,113.53
INV-1707,2026-02-21,Generic Decline,4,Failed,85.32
INV-1708,2026-02-23,Insufficient Funds,3,Recovered,195.38
INV-1709,2026-02-05,Generic Decline,2,Failed,385.24
INV-1710,2026-02-19,Insufficient Funds,1,Failed,339.69
INV-1711,2026-02-05,Insufficient Funds,1,Recovered,451.81
INV-1712,2026-02-18,Restricted Card,4,Failed,392.51
INV-1713,2026-02-09,Insufficient Funds,4,Failed,366.03
INV-1714,2026-02-03,Generic Decline,2,Failed,414.23
INV-1715,2026-02-25,Generic Decline,4,Failed,167.99
INV-1716,2026-02-10,Generic Decline,4,Failed,340.62
INV-1717,2026-02-15,Insufficient Funds,3,Recovered,92.73
INV-1718,2026-02-12,Insufficient Funds,1,Failed,168.44
INV-1719,2026-02-04,Insufficient Funds,4,Failed,202.63
INV-1720,2026-02-15,Restricted Card,4,Recovered,298.89
INV-1721,2026-02-04,Generic Decline,2,Failed,79.2
INV-1722,2026-02-20,Expired Card,1,Failed,273.5
INV-1723,2026-02-24,Generic Decline,1,Failed,471.65
INV-1724,2026-02-08,Restricted Card,3,Failed,253.24
INV-1725,2026-02-04,Generic Decline,3,Failed,494.25
INV-1726,2026-02-01,Expired Card,2,Failed,282.51
INV-1727,2026-02-15,Insufficient Funds,4,Failed,96.01
INV-1728,2026-02-17,Generic Decline,3,Failed,51.29
INV-1729,2026-02-05,Insufficient Funds,2,Failed,447.86
INV-1730,2026-02-09,Insufficient Funds,1,Failed,198.53
INV-1731,2026-02-09,Insufficient Funds,2,Failed,387.77
INV-1732,2026-02-18,Restricted Card,3,Recovered,353.81
INV-1733,2026-02-10,Restricted Card,1,Failed,447.5
INV-1734,2026-02-18,Expired Card,3,Failed,136.76
INV-1735,2026-02-16,Generic Decline,3,Failed,372.73
INV-1736,2026-02-10,Expired Card,2,Failed,124.24
INV-1737,2026-02-05,Insufficient Funds,1,Failed,81.12
INV-1738,2026-02-07,Expired Card,1,Failed,168.27
INV-1739,2026-02-07,Expired Card,1,Failed,341.89
INV-1740,2026-02-26,Expired Card,1,Failed,274.43
INV-1741,2026-02-24,Generic Decline,1,Recovered,327.83
INV-1742,2026-02-03,Insufficient Funds,4,Failed,251.18
INV-1743,2026-02-16,Insufficient Funds,4,Failed,55.51
INV-1744,2026-02-10,Insufficient Funds,2,Failed,60.26
INV-1745,2026-02-25,Insufficient Funds,1,Failed,422.26
INV-1746,2026-02-18,Insufficient Funds,4,Recovered,402.23
INV-1747,2026-02-13,Generic Decline,1,Failed,472.83
INV-1748,2026-02-11,Generic Decline,1,Failed,361.75
INV-1749,2026-02-17,Insufficient Funds,2,Failed,162.39
INV-1750,2026-02-16,Generic Decline,3,Failed,362.15
INV-1751,2026-02-19,Insufficient Funds,1,Failed,83.4
INV-1752,2026-02-10,Insufficient Funds,2,Failed,184.7
INV-1753,2026-02-21,Generic Decline,4,Failed,470.89
INV-1754,2026-02-24,Generic Decline,3,Failed,351.23
INV-1755,2026-02-21,Expired Card,3,Failed,126.47
INV-1756,2026-02-02,Restricted Card,2,Recovered,83.07
INV-1757,2026-02-19,Insufficient Funds,4,Recovered,261.15
INV-1758,2026-02-13,Generic Decline,1,Failed,351.48
INV-1759,2026-02-03,Insufficient Funds,2,Failed,354.01
INV-1760,2026-02-16,Insufficient Funds,1,Failed,254.77
INV-1761,2026-02-10,Insufficient Funds,1,Recovered,322.2
INV-1762,2026-02-18,Generic Decline,2,Failed,423.78
INV-1763,2026-02-25,Insufficient Funds,1,Failed,97.14
INV-1764,2026-02-19,Expired Card,2,Failed,307.33
INV-1765,2026-02-19,Insufficient Funds,4,Failed,129.13
INV-1766,2026-02-12,Generic Decline,4,Failed,382.86
INV-1767,2026-02-19,Insufficient Funds,2,Recovered,269.24
INV-1768,2026-02-23,Insufficient Funds,2,Failed,100.08
INV-1769,2026-02-02,Insufficient Funds,1,Failed,448.46
INV-1770,2026-02-03,Generic Decline,2,Recovered,65.02
INV-1771,2026-02-17,Generic Decline,3,Failed,474.63
INV-1772,2026-02-24,Restricted Card,4,Failed,124.15
INV-1773,2026-02-19,Expired Card,3,Failed,208.43
INV-1774,2026-02-07,Insufficient Funds,3,Failed,60.73
INV-1775,2026-02-02,Restricted Card,3,Failed,475.03
INV-1776,2026-02-06,Expired Card,2,Failed,321.4
INV-1777,2026-02-16,Insufficient Funds,2,Recovered,392.8
INV-1778,2026-02-20,Generic Decline,2,Failed,195.56
INV-1779,2026-02-08,Expired Card,3,Failed,499.24
INV-1780,2026-02-10,Insufficient Funds,1,Recovered,406.63
INV-1781,2026-02-02,Expired Card,4,Failed,223.77
INV-1782,2026-02-16,Expired Card,4,Failed,413.45
INV-1783,2026-02-06,Generic Decline,2,Recovered,237.79
INV-1784,2026-02-16,Generic Decline,3,Failed,427.82
INV-1785,2026-02-12,Generic Decline,4,Recovered,153.03
INV-1786,2026-02-19,Generic Decline,1,Failed,313.1
INV-1787,2026-02-23,Insufficient Funds,1,Recovered,55.21
INV-1788,2026-02-22,Insufficient Funds,3,Failed,442.1
INV-1789,2026-02-12,Generic Decline,1,Failed,495.43
INV-1790,2026-02-07,Insufficient Funds,3,Failed,415.1
INV-1791,2026-02-21,Generic Decline,3,Failed,128.91
INV-1792,2026-02-18,Restricted Card,2,Recovered,92.49
INV-1793,2026-02-21,Generic Decline,4,Failed,55.23
INV-1794,2026-02-07,Insufficient Funds,1,Failed,148.93
INV-1795,2026-02-22,Generic Decline,1,Failed,352.95
INV-1796,2026-02-19,Insufficient Funds,1,Recovered,61.39
INV-1797,2026-02-13,Generic Decline,3,Failed,163.01
INV-1798,2026-02-05,Insufficient Funds,3,Recovered,469.1
INV-1799,2026-02-25,Insufficient Funds,1,Failed,291.54
INV-1800,2026-02-23,Insufficient Funds,1,Failed,373.37
INV-1801,2026-02-24,Insufficient Funds,1,Failed,400.82
INV-1802,2026-02-11,Insufficient Funds,3,Failed,457.9
INV-1803,2026-02-04,Insufficient Funds,3,Failed,295.17
INV-1804,2026-02-14,Insufficient Funds,1,Failed,133.03
INV-1805,2026-02-07,Expired Card,4,Failed,287.72
INV-1806,2026-02-06,Generic Decline,3,Failed,494.01
INV-1807,2026-02-21,Insufficient Funds,2,Failed,275.8
INV-1808,2026-02-05,Restricted Card,3,Failed,296.55
INV-1809,2026-02-26,Generic Decline,2,Failed,275.42
INV-1810,2026-02-18,Generic Decline,3,Recovered,434.3
INV-1811,2026-02-07,Generic Decline,1,Failed,415.4
INV-1812,2026-02-26,Insufficient Funds,3,Failed,271.62
INV-1813,2026-02-10,Insufficient Funds,1,Failed,111.59
INV-1814,2026-02-05,Insufficient Funds,2,Failed,187.21
INV-1815,2026-02-09,Expired Card,4,Failed,261.43
INV-1816,2026-02-23,Generic Decline,2,Failed,471.0
INV-1817,2026-02-11,Restricted Card,1,Failed,102.06
INV-1818,2026-02-24,Insufficient Funds,1,Recovered,363.36
INV-1819,2026-02-24,Restricted Card,3,Failed,467.37
INV-1820,2026-02-05,Generic Decline,1,Failed,460.9
INV-1821,2026-02-15,Generic Decline,3,Failed,186.08
INV-1822,2026-02-08,Insufficient Funds,4,Failed,499.7
INV-1823,2026-02-17,Insufficient Funds,4,Failed,141.96
INV-1824,2026-02-19,Expired Card,3,Failed,435.32
INV-1825,2026-02-01,Insufficient Funds,2,Failed,372.14
INV-1826,2026-02-02,Insufficient Funds,3,Failed,159.51
INV-1827,2026-02-26,Insufficient Funds,2,Failed,200.57
INV-1828,2026-02-07,Generic Decline,2,Failed,162.19
INV-1829,2026-02-26,Insufficient Funds,4,Failed,111.11
INV-1830,2026-02-18,Generic Decline,3,Failed,87.42
INV-1831,2026-02-26,Restricted Card,1,Failed,128.96
INV-1832,2026-02-15,Restricted Card,3,Failed,379.93
INV-1833,2026-02-11,Insufficient Funds,3,Failed,488.28
INV-1834,2026-02-09,Insufficient Funds,2,Failed,465.76
INV-1835,2026-02-07,Insufficient Funds,1,Failed,257.6
INV-1836,2026-02-20,Expired Card,3,Failed,183.27
INV-1837,2026-02-22,Expired Card,1,Failed,237.54
INV-1838,2026-02-19,Insufficient Funds,1,Failed,335.41
INV-1839,2026-02-08,Insufficient Funds,3,Failed,291.19
INV-1840,2026-02-02,Insufficient Funds,4,Failed,337.71
INV-1841,2026-02-09,Generic Decline,4,Failed,360.0
INV-1842,2026-02-06,Insufficient Funds,2,Failed,456.95
INV-1843,2026-02-15,Restricted Card,1,Failed,154.55
INV-1844,2026-02-26,Generic Decline,3,Failed,233.92
INV-1845,2026-02-19,Insufficient Funds,4,Failed,173.23
INV-1846,2026-02-18,Insufficient Funds,2,Recovered,349.78
INV-1847,2026-02-13,Insufficient Funds,2,Recovered,151.5
INV-1848,2026-02-05,Insufficient Funds,4,Recovered,366.44
INV-1849,2026-02-17,Restricted Card,1,Failed,443.06
INV-1850,2026-02-15,Restricted Card,3,Failed,239.44
INV-1851,2026-02-15,Insufficient Funds,1,Failed,410.85
INV-1852,2026-02-21,Insufficient Funds,4,Recovered,146.63
INV-1853,2026-02-20,Generic Decline,3,Failed,118.18
INV-1854,2026-02-16,Generic Decline,1,Failed,128.84
INV-1855,2026-02-16,Insufficient Funds,2,Recovered,194.5
INV-1856,2026-02-21,Expired Card,4,Failed,189.93
INV-1857,2026-02-15,Insufficient Funds,3,Failed,376.02
INV-1858,2026-02-19,Insufficient Funds,2,Failed,443.98
INV-1859,2026-02-13,Restricted Card,2,Failed,425.79
INV-1860,2026-02-24,Insufficient Funds,3,Recovered,71.45
INV-1861,2026-02-03,Insufficient Funds,4,Recovered,59.4
INV-1862,2026-02-21,Generic Decline,4,Recovered,113.48
INV-1863,2026-02-25,Generic Decline,1,Failed,226.94
INV-1864,2026-02-04,Expired Card,1,Failed,103.39
INV-1865,2026-02-13,Insufficient Funds,1,Failed,368.01
INV-1866,2026-02-03,Generic Decline,2,Failed,221.06
INV-1867,2026-02-26,Insufficient Funds,3,Failed,50.69
INV-1868,2026-02-02,Insufficient Funds,1,Recovered,489.96
INV-1869,2026-02-07,Insufficient Funds,1,Failed,190.11
INV-1870,2026-02-20,Expired Card,2,Failed,185.32
INV-1871,2026-02-02,Expired Card,1,Recovered,384.03
INV-1872,2026-02-12,Insufficient Funds,4,Failed,166.21
INV-1873,2026-02-05,Insufficient Funds,2,Failed,93.94
INV-1874,2026-02-09,Expired Card,2,Failed,230.02
INV-1875,2026-02-17,Generic Decline,1,Failed,295.06
INV-1876,2026-02-10,Insufficient Funds,3,Recovered,402.25
INV-1877,2026-02-12,Restricted Card,4,Failed,449.29
INV-1878,2026-02-11,Restricted Card,3,Failed,74.87
INV-1879,2026-02-10,Insufficient Funds,2,Failed,226.43
INV-1880,2026-02-21,Generic Decline,1,Failed,238.49
INV-1881,2026-02-06,Insufficient Funds,4,Failed,329.1
INV-1882,2026-02-03,Insufficient Funds,4,Failed,132.0
INV-1883,2026-02-17,Generic Decline,4,Failed,477.59
INV-1884,2026-02-08,Insufficient Funds,4,Failed,338.83
INV-1885,2026-02-26,Generic Decline,4,Failed,287.27
INV-1886,2026-02-26,Expired Card,2,Failed,173.26
INV-1887,2026-02-20,Expired Card,1,Failed,143.79
INV-1888,2026-02-08,Generic Decline,1,Failed,156.59
INV-1889,2026-02-03,Insufficient Funds,4,Failed,296.8
INV-1890,2026-02-07,Insufficient Funds,3,Failed,264.7
INV-1891,2026-02-12,Generic Decline,3,Failed,400.29
INV-1892,2026-02-22,Generic Decline,3,Failed,478.68
INV-1893,2026-02-19,Generic Decline,2,Failed,272.3
INV-1894,2026-02-23,Insufficient Funds,1,Failed,431.12
INV-1895,2026-02-05,Insufficient Funds,3,Failed,66.63
INV-1896,2026-02-25,Generic Decline,3,Failed,93.64
INV-1897,2026-02-12,Insufficient Funds,1,Recovered,328.6
INV-1898,2026-02-09,Generic Decline,4,Recovered,278.64
INV-1899,2026-02-05,Insufficient Funds,3,Recovered,185.64
INV-1900,2026-02-12,Restricted Card,2,Failed,241.06
INV-1901,2026-02-15,Insufficient Funds,4,Failed,118.31
INV-1902,2026-02-18,Insufficient Funds,1,Failed,177.94
INV-1903,2026-02-12,Generic Decline,3,Recovered,162.32
INV-1904,2026-02-07,Insufficient Funds,3,Recovered,115.17
INV-1905,2026-02-26,Generic Decline,2,Failed,166.1
INV-1906,2026-02-20,Insufficient Funds,3,Recovered,499.41
INV-1907,2026-02-12,Insufficient Funds,1,Failed,475.13
INV-1908,2026-02-22,Insufficient Funds,1,Failed,290.19
INV-1909,2026-02-12,Generic Decline,3,Failed,338.28
INV-1910,2026-02-02,Insufficient Funds,3,Recovered,236.46
INV-1911,2026-02-05,Generic Decline,4,Failed,152.23
INV-1912,2026-02-15,Generic Decline,3,Failed,382.17
INV-1913,2026-02-11,Insufficient Funds,2,Failed,288.91
INV-1914,2026-02-06,Expired Card,1,Failed,224.29
INV-1915,2026-02-26,Restricted Card,4,Failed,236.49
INV-1916,2026-02-24,Generic Decline,1,Failed,424.6
INV-1917,2026-02-10,Expired Card,4,Failed,428.76
INV-1918,2026-02-01,Insufficient Funds,4,Failed,209.41
INV-1919,2026-02-16,Restricted Card,1,Failed,179.81
INV-1920,2026-02-21,Insufficient Funds,3,Failed,447.89
INV-1921,2026-02-17,Insufficient Funds,1,Failed,142.3
INV-1922,2026-02-26,Restricted Card,3,Failed,262.57
INV-1923,2026-02-05,Insufficient Funds,2,Recovered,135.12
INV-1924,2026-02-05,Expired Card,3,Failed,261.68
INV-1925,2026-02-09,Insufficient Funds,3,Failed,392.06
INV-1926,2026-02-15,Expired Card,4,Failed,135.66
INV-1927,2026-02-13,Restricted Card,3,Failed,411.47
INV-1928,2026-02-21,Expired Card,4,Failed,265.98
INV-1929,2026-02-04,Expired Card,4,Failed,428.47
INV-1930,2026-02-20,Expired Card,1,Failed,319.53
INV-1931,2026-02-14,Insufficient Funds,1,Failed,70.44
INV-1932,2026-02-13,Restricted Card,4,Failed,173.99
INV-1933,2026-02-09,Insufficient Funds,4,Recovered,328.82
INV-1934,2026-02-15,Insufficient Funds,4,Failed,309.4
INV-1935,2026-02-14,Expired Card,3,Failed,177.26
INV-1936,2026-02-12,Generic Decline,2,Failed,424.9
INV-1937,2026-02-01,Generic Decline,2,Failed,98.57
INV-1938,2026-02-04,Generic Decline,3,Failed,198.17
INV-1939,2026-02-02,Insufficient Funds,2,Failed,53.58
INV-1940,2026-02-06,Generic Decline,2,Failed,148.03
INV-1941,2026-02-12,Generic Decline,1,Failed,182.79
INV-1942,2026-02-19,Insufficient Funds,4,Failed,325.78
INV-1943,2026-02-02,Insufficient Funds,1,Recovered,316.73
INV-1944,2026-02-03,Generic Decline,2,Failed,211.88
INV-1945,2026-02-02,Insufficient Funds,2,Failed,101.98
INV-1946,2026-02-02,Expired Card,1,Failed,162.29
INV-1947,2026-02-02,Generic Decline,3,Failed,278.17
INV-1948,2026-02-17,Generic Decline,3,Recovered,168.84
INV-1949,2026-02-19,Insufficient Funds,1,Failed,480.38
INV-1950,2026-02-06,Generic Decline,4,Recovered,345.04
INV-1951,2026-02-22,Expired Card,3,Recovered,336.12
INV-1952,2026-02-26,Generic Decline,3,Failed,334.87
INV-1953,2026-02-15,Restricted Card,4,Failed,188.32
INV-1954,2026-02-12,Insufficient Funds,3,Recovered,233.77
INV-1955,2026-02-25,Insufficient Funds,2,Failed,495.28
INV-1956,2026-02-05,Restricted Card,2,Failed,165.9
INV-1957,2026-02-05,Insufficient Funds,4,Failed,402.87
INV-1958,2026-02-13,Expired Card,4,Failed,304.13
INV-1959,2026-02-16,Insufficient Funds,4,Failed,145.66
INV-1960,2026-02-25,Generic Decline,2,Recovered,278.27
INV-1961,2026-02-01,Generic Decline,3,Failed,249.39
INV-1962,2026-02-25,Expired Card,2,Failed,387.06
INV-1963,2026-02-01,Generic Decline,3,Failed,268.9
INV-1964,2026-02-09,Generic Decline,1,Recovered,384.91
INV-1965,2026-02-16,Generic Decline,2,Failed,132.07
INV-1966,2026-02-22,Generic Decline,2,Failed,444.79
INV-1967,2026-02-08,Generic Decline,2,Failed,245.1
INV-1968,2026-02-09,Insufficient Funds,3,Failed,111.73
INV-1969,2026-02-15,Generic Decline,3,Recovered,234.91
INV-1970,2026-02-13,Insufficient Funds,4,Failed,433.32
INV-1971,2026-02-15,Expired Card,2,Failed,426.45
INV-1972,2026-02-01,Expired Card,3,Failed,282.33
INV-1973,2026-02-04,Insufficient Funds,4,Recovered,454.38
INV-1974,2026-02-11,Insufficient Funds,1,Failed,137.35
INV-1975,2026-02-25,Insufficient Funds,2,Recovered,483.38
INV-1976,2026-02-10,Generic Decline,3,Failed,423.34
INV-1977,2026-02-03,Restricted Card,3,Failed,54.83
INV-1978,2026-02-23,Generic Decline,1,Failed,356.96
INV-1979,2026-02-07,Generic Decline,1,Failed,455.69
INV-1980,2026-02-15,Insufficient Funds,3,Failed,337.97
INV-1981,2026-02-20,Expired Card,4,Failed,279.5
INV-1982,2026-02-09,Generic Decline,1,Failed,461.39
INV-1983,2026-02-05,Insufficient Funds,3,Failed,403.85
INV-1984,2026-02-23,Insufficient Funds,3,Recovered,223.03
INV-1985,2026-02-26,Insufficient Funds,1,Failed,168.04
INV-1986,2026-02-11,Insufficient Funds,4,Failed,468.97
INV-1987,2026-02-12,Insufficient Funds,4,Failed,205.67
INV-1988,2026-02-13,Insufficient Funds,2,Failed,283.04
INV-1989,2026-02-08,Expired Card,3,Failed,243.1
INV-1990,2026-02-21,Insufficient Funds,1,Failed,291.61
INV-1991,2026-02-16,Generic Decline,1,Failed,74.98
INV-1992,2026-02-19,Insufficient Funds,4,Recovered,259.9
INV-1993,2026-02-02,Generic Decline,2,Failed,216.99
INV-1994,2026-02-01,Insufficient Funds,2,Failed,61.25
INV-1995,2026-02-19,Expired Card,1,Failed,442.08
INV-1996,2026-02-17,Generic Decline,1,Recovered,269.24
INV-1997,2026-02-07,Expired Card,1,Failed,355.16
INV-1998,2026-02-03,Restricted Card,2,Recovered,179.67
INV-1999,2026-02-11,Insufficient Funds,3,Failed,282.55
INV-2000,2026-02-06,Insufficient Funds,2,Recovered,80.03
INV-2001,2026-02-04,Restricted Card,1,Failed,398.92
INV-2002,2026-02-22,Insufficient Funds,1,Failed,351.36
INV-2003,2026-02-20,Insufficient Funds,1,Failed,217.62
INV-2004,2026-02-03,Insufficient Funds,1,Failed,162.08
INV-2005,2026-02-26,Insufficient Funds,1,Recovered,272.05
INV-2006,2026-02-15,Restricted Card,4,Recovered,80.63
INV-2007,2026-02-14,Generic Decline,1,Failed,279.82
INV-2008,2026-02-26,Insufficient Funds,4,Failed,411.35
INV-2009,2026-02-01,Insufficient Funds,4,Failed,123.36
INV-2010,2026-02-11,Restricted Card,1,Failed,111.35
INV-2011,2026-02-16,Restricted Card,1,Recovered,491.11
INV-2012,2026-02-24,Insufficient Funds,3,Failed,124.82
INV-2013,2026-02-11,Generic Decline,2,Failed,460.95
INV-2014,2026-02-16,Insufficient Funds,3,Failed,409.46
INV-2015,2026-02-23,Insufficient Funds,4,Failed,185.93
INV-2016,2026-02-07,Generic Decline,1,Failed,212.57
INV-2017,2026-02-08,Generic Decline,4,Failed,183.39
INV-2018,2026-02-26,Insufficient Funds,3,Recovered,283.19
INV-2019,2026-02-25,Insufficient Funds,1,Failed,143.22
INV-2020,2026-02-18,Expired Card,3,Failed,187.05
INV-2021,2026-02-22,Generic Decline,3,Recovered,496.08
INV-2022,2026-02-06,Expired Card,1,Failed,351.38
INV-2023,2026-02-06,Insufficient Funds,2,Failed,132.31
INV-2024,2026-02-03,Generic Decline,2,Recovered,54.15
INV-2025,2026-02-04,Generic Decline,4,Failed,361.74
INV-2026,2026-02-16,Insufficient Funds,2,Failed,431.52
INV-2027,2026-02-17,Expired Card,1,Failed,466.59
INV-2028,2026-02-21,Generic Decline,1,Failed,206.11
INV-2029,2026-02-13,Generic Decline,4,Failed,231.82
INV-2030,2026-02-17,Insufficient Funds,3,Failed,87.44
INV-2031,2026-02-07,Expired Card,4,Failed,490.99
INV-2032,2026-02-22,Insufficient Funds,1,Failed,235.46
INV-2033,2026-02-06,Insufficient Funds,4,Failed,120.68
INV-2034,2026-02-25,Insufficient Funds,2,Failed,476.36
INV-2035,2026-02-06,Expired Card,1,Failed,387.08
INV-2036,2026-02-08,Insufficient Funds,4,Failed,72.19
INV-2037,2026-02-20,Expired Card,2,Failed,245.58
INV-2038,2026-02-11,Insufficient Funds,3,Failed,297.09
INV-2039,2026-02-26,Restricted Card,2,Failed,85.77
INV-2040,2026-02-14,Insufficient Funds,2,Recovered,280.17
INV-2041,2026-02-19,Generic Decline,3,Failed,71.71
INV-2042,2026-02-13,Generic Decline,2,Failed,192.88
INV-2043,2026-02-12,Insufficient Funds,1,Failed,457.12
INV-2044,2026-02-04,Expired Card,4,Failed,134.62
INV-2045,2026-02-16,Expired Card,3,Failed,158.74
INV-2046,2026-02-22,Insufficient Funds,4,Failed,282.55
INV-2047,2026-02-05,Insufficient Funds,2,Failed,214.54
INV-2048,2026-02-03,Generic Decline,4,Failed,345.98
INV-2049,2026-02-15,Expired Card,3,Failed,407.32
INV-2050,2026-02-12,Restricted Card,1,Failed,362.98
INV-2051,2026-02-25,Insufficient Funds,1,Failed,109.47
INV-2052,2026-02-12,Expired Card,2,Failed,415.08
INV-2053,2026-02-15,Expired Card,4,Failed,95.69
INV-2054,2026-02-10,Insufficient Funds,2,Failed,89.41
INV-2055,2026-02-26,Insufficient Funds,4,Recovered,232.43
INV-2056,2026-02-23,Insufficient Funds,2,Failed,220.01
INV-2057,2026-02-19,Generic Decline,3,Recovered,415.81
INV-2058,2026-02-24,Insufficient Funds,2,Failed,131.45
INV-2059,2026-02-02,Insufficient Funds,3,Failed,242.79
INV-2060,2026-02-06,Expired Card,4,Failed,475.79
INV-2061,2026-02-10,Restricted Card,2,Failed,137.55
INV-2062,2026-02-23,Restricted Card,1,Failed,443.04
INV-2063,2026-02-15,Generic Decline,4,Recovered,426.04
INV-2064,2026-02-25,Expired Card,4,Failed,421.78
INV-2065,2026-02-19,Insufficient Funds,3,Recovered,439.31
INV-2066,2026-02-05,Generic Decline,2,Failed,57.55
INV-2067,2026-02-22,Generic Decline,4,Failed,141.2
INV-2068,2026-02-04,Insufficient Funds,4,Failed,64.41
INV-2069,2026-02-09,Insufficient Funds,3,Failed,87.29
INV-2070,2026-02-05,Expired Card,3,Failed,349.49
INV-2071,2026-02-06,Generic Decline,4,Failed,121.08
INV-2072,2026-02-09,Generic Decline,4,Failed,101.54
INV-2073,2026-02-02,Generic Decline,3,Failed,276.55
INV-2074,2026-02-22,Generic Decline,1,Failed,177.8
INV-2075,2026-02-07,Insufficient Funds,3,Recovered,52.56
INV-2076,2026-02-21,Generic Decline,3,Failed,452.57
INV-2077,2026-02-20,Insufficient Funds,2,Recovered,133.86
INV-2078,2026-02-14,Insufficient Funds,2,Failed,128.15
INV-2079,2026-02-05,Generic Decline,3,Failed,458.72
INV-2080,2026-02-15,Generic Decline,2,Failed,171.79
INV-2081,2026-02-02,Insufficient Funds,2,Failed,355.6
INV-2082,2026-02-10,Generic Decline,3,Failed,444.53
INV-2083,2026-02-26,Generic Decline,3,Recovered,415.34
INV-2084,2026-02-17,Generic Decline,3,Failed,448.95
INV-2085,2026-02-17,Generic Decline,4,Recovered,123.95
INV-2086,2026-02-07,Insufficient Funds,3,Failed,139.05
INV-2087,2026-02-22,Insufficient Funds,4,Failed,357.6
INV-2088,2026-02-25,Insufficient Funds,1,Failed,148.64
INV-2089,2026-02-14,Generic Decline,2,Failed,142.99
INV-2090,2026-02-20,Insufficient Funds,2,Recovered,170.49
INV-2091,2026-02-02,Insufficient Funds,1,Failed,450.67
INV-2092,2026-02-04,Generic Decline,3,Failed,191.58
INV-2093,2026-02-02,Expired Card,4,Failed,473.48
INV-2094,2026-02-08,Expired Card,1,Failed,209.66
INV-2095,2026-02-25,Insufficient Funds,4,Failed,153.7
INV-2096,2026-02-03,Generic Decline,4,Failed,417.8
INV-2097,2026-02-16,Insufficient Funds,2,Failed,396.99
INV-2098,2026-02-04,Generic Decline,4,Failed,119.46
INV-2099,2026-02-07,Generic Decline,4,Failed,444.3
INV-2100,2026-02-12,Restricted Card,4,Recovered,103.82
INV-2101,2026-02-21,Insufficient Funds,4,Recovered,183.21
INV-2102,2026-02-21,Generic Decline,4,Failed,270.52
INV-2103,2026-02-13,Insufficient Funds,1,Failed,166.8
INV-2104,2026-02-05,Insufficient Funds,2,Failed,85.21
INV-2105,2026-02-08,Expired Card,1,Failed,488.15
INV-2106,2026-02-01,Insufficient Funds,1,Failed,99.07
INV-2107,2026-02-21,Generic Decline,4,Failed,216.21
INV-2108,2026-02-22,Expired Card,1,Failed,193.11
INV-2109,2026-02-08,Expired Card,2,Failed,99.87
INV-2110,2026-02-13,Generic Decline,2,Failed,371.18
INV-2111,2026-02-10,Insufficient Funds,4,Recovered,244.51
INV-2112,2026-02-26,Insufficient Funds,2,Failed,269.05
INV-2113,2026-02-02,Insufficient Funds,3,Failed,179.95
INV-2114,2026-02-06,Insufficient Funds,4,Failed,397.7
INV-2115,2026-02-24,Generic Decline,4,Recovered,342.06
INV-2116,2026-02-21,Restricted Card,2,Failed,318.85
INV-2117,2026-02-15,Generic Decline,4,Failed,290.59
INV-2118,2026-02-03,Expired Card,1,Failed,365.05
INV-2119,2026-02-17,Insufficient Funds,4,Recovered,236.27
INV-2120,2026-02-20,Expired Card,1,Recovered,163.73
INV-2121,2026-02-21,Generic Decline,2,Failed,393.63
INV-2122,2026-02-08,Expired Card,3,Failed,108.9
INV-2123,2026-02-16,Insufficient Funds,3,Failed,120.87
INV-2124,2026-02-04,Generic Decline,1,Recovered,178.4
INV-2125,2026-02-01,Insufficient Funds,4,Failed,498.36
INV-2126,2026-02-13,Generic Decline,4,Failed,132.65
INV-2127,2026-02-19,Expired Card,3,Failed,445.19
INV-2128,2026-02-15,Generic Decline,2,Failed,284.57
INV-2129,2026-02-15,Insufficient Funds,2,Failed,285.9
INV-2130,2026-02-23,Expired Card,2,Failed,353.69
INV-2131,2026-02-03,Expired Card,4,Failed,404.39
INV-2132,2026-02-16,Generic Decline,2,Failed,209.44
INV-2133,2026-02-09,Generic Decline,3,Failed,202.62
INV-2134,2026-02-06,Insufficient Funds,2,Failed,379.77
INV-2135,2026-02-04,Insufficient Funds,3,Failed,198.62
INV-2136,2026-02-17,Generic Decline,2,Failed,155.12
INV-2137,2026-02-09,Restricted Card,1,Failed,268.43
INV-2138,2026-02-21,Generic Decline,1,Failed,432.53
INV-2139,2026-02-04,Generic Decline,3,Recovered,476.42
INV-2140,2026-02-01,Insufficient Funds,2,Failed,212.84
INV-2141,2026-02-06,Generic Decline,2,Recovered,61.66
INV-2142,2026-02-01,Insufficient Funds,2,Failed,77.67
INV-2143,2026-02-02,Restricted Card,2,Failed,283.67
INV-2144,2026-02-12,Generic Decline,2,Recovered,292.93
INV-2145,2026-02-24,Generic Decline,2,Failed,143.39
INV-2146,2026-02-07,Insufficient Funds,2,Failed,410.5
INV-2147,2026-02-05,Insufficient Funds,1,Recovered,315.35
INV-2148,2026-02-02,Insufficient Funds,4,Recovered,294.43
INV-2149,2026-02-15,Insufficient Funds,3,Failed,483.85
INV-2150,2026-02-05,Expired Card,4,Failed,473.64
INV-2151,2026-02-12,Generic Decline,3,Failed,245.58
INV-2152,2026-02-14,Restricted Card,4,Failed,128.48
INV-2153,2026-02-19,Insufficient Funds,1,Failed,355.76
INV-2154,2026-02-02,Insufficient Funds,1,Failed,274.86
INV-2155,2026-02-17,Generic Decline,2,Failed,193.47
INV-2156,2026-02-02,Generic Decline,1,Failed,334.8
INV-2157,2026-02-01,Restricted Card,4,Recovered,182.7
INV-2158,2026-02-01,Insufficient Funds,4,Failed,422.6
INV-2159,2026-02-02,Insufficient Funds,2,Failed,89.22
INV-2160,2026-02-26,Restricted Card,4,Failed,420.38
INV-2161,2026-02-26,Generic Decline,3,Failed,456.94
INV-2162,2026-02-16,Expired Card,4,Failed,396.84
INV-2163,2026-02-03,Expired Card,2,Recovered,440.83
INV-2164,2026-02-18,Generic Decline,4,Recovered,234.5
INV-2165,2026-02-01,Insufficient Funds,4,Recovered,164.08
INV-2166,2026-02-24,Generic Decline,3,Failed,489.24
INV-2167,2026-02-05,Insufficient Funds,4,Failed,199.89
INV-2168,2026-02-13,Generic Decline,4,Failed,60.86
INV-2169,2026-02-20,Insufficient Funds,4,Failed,384.77
INV-2170,2026-02-18,Expired Card,4,Failed,479.64
INV-2171,2026-02-09,Insufficient Funds,2,Failed,156.1
INV-2172,2026-02-20,Restricted Card,1,Failed,246.94
INV-2173,2026-02-21,Generic Decline,3,Failed,317.9
INV-2174,2026-02-16,Generic Decline,4,Recovered,308.18
INV-2175,2026-02-26,Generic Decline,1,Failed,491.86
INV-2176,2026-02-19,Generic Decline,4,Failed,467.97
INV-2177,2026-02-10,Generic Decline,2,Recovered,81.25
INV-2178,2026-02-08,Restricted Card,4,Recovered,275.51
INV-2179,2026-02-02,Generic Decline,4,Recovered,368.23
INV-2180,2026-02-16,Insufficient Funds,3,Failed,277.25
INV-2181,2026-02-13,Insufficient Funds,3,Failed,380.82
INV-2182,2026-02-01,Generic Decline,3,Recovered,58.59
INV-2183,2026-02-08,Insufficient Funds,3,Failed,260.26
INV-2184,2026-02-07,Insufficient Funds,2,Failed,420.08
INV-2185,2026-02-19,Generic Decline,3,Failed,213.21
INV-2186,2026-02-24,Generic Decline,2,Failed,137.95
INV-2187,2026-02-10,Generic Decline,1,Failed,243.06
INV-2188,2026-02-15,Insufficient Funds,3,Failed,256.15
INV-2189,2026-02-24,Insufficient Funds,1,Failed,460.31
INV-2190,2026-02-07,Expired Card,4,Failed,225.06
INV-2191,2026-02-06,Restricted Card,3,Failed,161.37
INV-2192,2026-02-09,Insufficient Funds,4,Failed,114.68
INV-2193,2026-02-06,Insufficient Funds,3,Failed,234.08
INV-2194,2026-02-10,Generic Decline,2,Failed,333.5
INV-2195,2026-02-11,Insufficient Funds,1,Recovered,377.54
INV-2196,2026-02-23,Insufficient Funds,3,Recovered,285.07
INV-2197,2026-02-16,Expired Card,1,Failed,230.49
INV-2198,2026-02-20,Insufficient Funds,3,Recovered,432.11
INV-2199,2026-02-26,Generic Decline,2,Failed,293.12
INV-2200,2026-02-12,Insufficient Funds,3,Recovered,346.29
INV-2201,2026-02-08,Insufficient Funds,2,Failed,212.07
INV-2202,2026-02-23,Generic Decline,1,Failed,235.4
INV-2203,2026-02-19,Insufficient Funds,4,Recovered,481.52
INV-2204,2026-02-02,Restricted Card,1,Failed,231.0
INV-2205,2026-02-13,Generic Decline,2,Recovered,385.87
INV-2206,2026-02-25,Generic Decline,3,Recovered,222.47
INV-2207,2026-02-13,Generic Decline,4,Failed,92.16
INV-2208,2026-02-07,Insufficient Funds,4,Recovered,332.15
INV-2209,2026-02-12,Insufficient Funds,1,Failed,367.48
INV-2210,2026-02-09,Insufficient Funds,3,Recovered,114.07
INV-2211,2026-02-13,Expired Card,2,Failed,62.61
INV-2212,2026-02-16,Insufficient Funds,3,Failed,228.7
INV-2213,2026-02-13,Insufficient Funds,2,Failed,444.98
INV-2214,2026-02-07,Insufficient Funds,4,Failed,93.39
INV-2215,2026-02-19,Generic Decline,4,Failed,365.7
INV-2216,2026-02-20,Restricted Card,3,Failed,439.8
INV-2217,2026-02-26,Restricted Card,3,Failed,109.46
INV-2218,2026-02-22,Insufficient Funds,2,Failed,173.56
INV-2219,2026-02-19,Generic Decline,4,Recovered,380.6
INV-2220,2026-02-16,Generic Decline,1,Failed,291.6
INV-2221,2026-02-07,Expired Card,3,Failed,343.81
INV-2222,2026-02-05,Insufficient Funds,1,Failed,54.82
INV-2223,2026-02-03,Insufficient Funds,1,Recovered,118.45
INV-2224,2026-02-13,Insufficient Funds,4,Failed,220.91
INV-2225,2026-02-15,Insufficient Funds,2,Failed,294.4
INV-2226,2026-02-16,Generic Decline,4,Failed,474.16
INV-2227,2026-02-17,Generic Decline,1,Recovered,141.22
INV-2228,2026-02-18,Insufficient Funds,4,Failed,74.89
INV-2229,2026-02-10,Generic Decline,4,Failed,308.23
INV-2230,2026-02-05,Restricted Card,2,Failed,265.96
INV-2231,2026-02-23,Generic Decline,1,Failed,394.94
INV-2232,2026-02-25,Generic Decline,4,Failed,349.13
INV-2233,2026-02-05,Insufficient Funds,4,Recovered,50.29
INV-2234,2026-02-09,Generic Decline,4,Failed,107.16
INV-2235,2026-02-05,Insufficient Funds,1,Failed,88.42
INV-2236,2026-02-07,Restricted Card,4,Failed,98.82
INV-2237,2026-02-06,Generic Decline,1,Failed,488.41
INV-2238,2026-02-07,Insufficient Funds,2,Failed,488.79
INV-2239,2026-02-26,Insufficient Funds,3,Failed,268.41
INV-2240,2026-02-10,Insufficient Funds,3,Failed,107.97
INV-2241,2026-02-21,Restricted Card,4,Recovered,205.22
INV-2242,2026-02-23,Generic Decline,3,Failed,369.19
INV-2243,2026-02-19,Generic Decline,2,Failed,147.98
INV-2244,2026-02-05,Generic Decline,1,Failed,223.03
INV-2245,2026-02-01,Insufficient Funds,3,Recovered,63.1
INV-2246,2026-02-10,Expired Card,3,Failed,369.04
INV-2247,2026-02-06,Generic Decline,3,Failed,125.24
INV-2248,2026-02-08,Generic Decline,3,Failed,274.66
INV-2249,2026-02-02,Restricted Card,3,Failed,224.04
INV-2250,2026-02-17,Expired Card,4,Failed,128.46
INV-2251,2026-02-09,Generic Decline,1,Failed,168.52
INV-2252,2026-02-13,Insufficient Funds,3,Recovered,132.06
INV-2253,2026-02-24,Expired Card,4,Failed,163.57
INV-2254,2026-02-03,Expired Card,1,Failed,89.83
INV-2255,2026-02-26,Insufficient Funds,2,Failed,298.87
INV-2256,2026-02-10,Insufficient Funds,3,Failed,214.09
INV-2257,2026-02-24,Generic Decline,2,Failed,86.08
INV-2258,2026-02-10,Insufficient Funds,1,Failed,155.78
INV-2259,2026-02-17,Generic Decline,2,Failed,344.61
INV-2260,2026-02-08,Generic Decline,4,Recovered,495.56
INV-2261,2026-02-24,Insufficient Funds,3,Failed,148.64
INV-2262,2026-02-12,Expired Card,2,Failed,128.54
INV-2263,2026-02-18,Insufficient Funds,1,Failed,403.67
INV-2264,2026-02-08,Insufficient Funds,4,Failed,443.07
INV-2265,2026-02-01,Generic Decline,4,Failed,255.71
INV-2266,2026-02-12,Insufficient Funds,3,Recovered,316.45
INV-2267,2026-02-03,Generic Decline,3,Failed,196.78
INV-2268,2026-02-12,Generic Decline,3,Recovered,459.21
INV-2269,2026-02-04,Expired Card,2,Failed,197.31
INV-2270,2026-02-16,Generic Decline,2,Failed,483.45
INV-2271,2026-02-16,Expired Card,1,Failed,134.84
INV-2272,2026-02-08,Insufficient Funds,2,Failed,455.34
INV-2273,2026-02-17,Insufficient Funds,2,Failed,120.4
INV-2274,2026-02-10,Insufficient Funds,2,Recovered,205.34
INV-2275,2026-02-16,Insufficient Funds,3,Recovered,340.24
INV-2276,2026-02-24,Expired Card,3,Failed,132.27
INV-2277,2026-02-01,Insufficient Funds,3,Failed,108.57
INV-2278,2026-02-14,Generic Decline,1,Failed,237.9
INV-2279,2026-02-02,Insufficient Funds,1,Failed,481.59
INV-2280,2026-02-13,Expired Card,2,Failed,127.95
INV-2281,2026-02-23,Insufficient Funds,2,Recovered,289.24
INV-2282,2026-02-13,Insufficient Funds,4,Failed,330.11
INV-2283,2026-02-24,Insufficient Funds,3,Failed,80.89
INV-2284,2026-02-12,Expired Card,3,Failed,460.12
INV-2285,2026-02-19,Insufficient Funds,3,Failed,90.03
INV-2286,2026-02-05,Insufficient Funds,3,Failed,379.19
INV-2287,2026-02-12,Insufficient Funds,2,Failed,197.05
INV-2288,2026-02-15,Restricted Card,2,Failed,355.76
INV-2289,2026-02-18,Insufficient Funds,1,Failed,137.03
INV-2290,2026-02-14,Insufficient Funds,4,Failed,403.47
INV-2291,2026-02-22,Generic Decline,3,Failed,247.01
INV-2292,2026-02-21,Generic Decline,3,Failed,335.85
INV-2293,2026-02-18,Insufficient Funds,3,Failed,482.33
INV-2294,2026-02-20,Insufficient Funds,3,Failed,214.98
INV-2295,2026-02-09,Expired Card,1,Failed,123.27
INV-2296,2026-02-19,Generic Decline,2,Failed,373.7
INV-2297,2026-02-08,Insufficient Funds,4,Failed,388.86
INV-2298,2026-02-02,Insufficient Funds,2,Failed,284.46
INV-2299,2026-02-23,Insufficient Funds,1,Recovered,392.86
INV-2300,2026-02-02,Generic Decline,3,Recovered,348.83
INV-2301,2026-02-08,Generic Decline,3,Failed,295.95
INV-2302,2026-02-26,Insufficient Funds,2,Failed,495.85
INV-2303,2026-02-17,Insufficient Funds,1,Failed,330.12
INV-2304,2026-02-02,Generic Decline,1,Recovered,117.02
INV-2305,2026-02-23,Expired Card,3,Recovered,455.81
INV-2306,2026-02-23,Insufficient Funds,1,Failed,215.3
INV-2307,2026-02-20,Insufficient Funds,4,Recovered,279.15
INV-2308,2026-02-05,Insufficient Funds,3,Failed,310.37
INV-2309,2026-02-19,Expired Card,4,Failed,51.09
INV-2310,2026-02-06,Expired Card,4,Failed,212.7
INV-2311,2026-02-01,Insufficient Funds,3,Failed,420.09
INV-2312,2026-02-14,Insufficient Funds,2,Failed,187.95
INV-2313,2026-02-06,Insufficient Funds,4,Failed,293.72
INV-2314,2026-02-21,Generic Decline,2,Failed,318.95
INV-2315,2026-02-06,Generic Decline,2,Failed,435.81
INV-2316,2026-02-04,Insufficient Funds,3,Recovered,289.66
INV-2317,2026-02-22,Generic Decline,3,Failed,181.44
INV-2318,2026-02-11,Restricted Card,4,Failed,67.49
INV-2319,2026-02-09,Restricted Card,2,Failed,384.55
INV-2320,2026-02-25,Insufficient Funds,2,Recovered,78.99
INV-2321,2026-02-22,Expired Card,4,Failed,498.25
INV-2322,2026-02-08,Insufficient Funds,1,Failed,326.94
INV-2323,2026-02-18,Restricted Card,4,Failed,147.77
INV-2324,2026-02-08,Insufficient Funds,3,Failed,228.52
INV-2325,2026-02-01,Insufficient Funds,3,Failed,487.56
INV-2326,2026-02-10,Insufficient Funds,3,Recovered,413.37
INV-2327,2026-02-13,Expired Card,3,Failed,453.16
INV-2328,2026-02-08,Expired Card,4,Failed,229.1
INV-2329,2026-02-03,Insufficient Funds,2,Failed,368.25
INV-2330,2026-02-10,Generic Decline,1,Failed,483.57
INV-2331,2026-02-24,Insufficient Funds,4,Failed,357.83
INV-2332,2026-02-19,Generic Decline,2,Failed,468.74
INV-2333,2026-02-02,Insufficient Funds,3,Failed,482.8
INV-2334,2026-02-01,Generic Decline,1,Failed,478.73
INV-2335,2026-02-02,Generic Decline,3,Failed,201.33
INV-2336,2026-02-13,Generic Decline,1,Recovered,269.48
INV-2337,2026-02-11,Expired Card,1,Failed,273.74
INV-2338,2026-02-12,Insufficient Funds,4,Recovered,410.65
INV-2339,2026-02-23,Insufficient Funds,3,Failed,171.22
INV-2340,2026-02-01,Insufficient Funds,1,Failed,116.55
INV-2341,2026-02-24,Insufficient Funds,3,Failed,278.48
INV-2342,2026-02-23,Insufficient Funds,2,Recovered,159.42
INV-2343,2026-02-17,Insufficient Funds,4,Failed,315.91
INV-2344,2026-02-02,Generic Decline,2,Failed,448.48
INV-2345,2026-02-26,Generic Decline,1,Failed,350.54
INV-2346,2026-02-14,Insufficient Funds,2,Failed,55.63
INV-2347,2026-02-24,Restricted Card,2,Failed,240.3
INV-2348,2026-02-15,Generic Decline,4,Failed,261.75
INV-2349,2026-02-01,Expired Card,3,Failed,65.7
INV-2350,2026-02-17,Generic Decline,3,Failed,442.76
INV-2351,2026-02-07,Insufficient Funds,2,Recovered,425.1
INV-2352,2026-02-13,Expired Card,1,Failed,355.31
INV-2353,2026-02-21,Insufficient Funds,2,Failed,484.6
INV-2354,2026-02-03,Insufficient Funds,3,Failed,278.22
INV-2355,2026-02-04,Expired Card,1,Failed,460.34
INV-2356,2026-02-21,Insufficient Funds,2,Failed,252.2
INV-2357,2026-02-18,Insufficient Funds,4,Failed,230.37
INV-2358,2026-02-17,Generic Decline,4,Failed,97.51
INV-2359,2026-02-25,Expired Card,1,Recovered,246.65
INV-2360,2026-02-25,Expired Card,3,Failed,431.16
INV-2361,2026-02-04,Expired Card,3,Failed,72.82
INV-2362,2026-02-19,Insufficient Funds,1,Failed,146.97
INV-2363,2026-02-25,Insufficient Funds,2,Recovered,158.22
INV-2364,2026-02-21,Insufficient Funds,1,Failed,203.48
INV-2365,2026-02-11,Generic Decline,1,Failed,450.12
INV-2366,2026-02-02,Insufficient Funds,3,Failed,369.02
INV-2367,2026-02-25,Restricted Card,2,Failed,471.72
INV-2368,2026-02-02,Restricted Card,4,Failed,132.43
INV-2369,2026-02-05,Restricted Card,3,Recovered,306.3
INV-2370,2026-02-05,Insufficient Funds,4,Recovered,304.08
INV-2371,2026-02-21,Insufficient Funds,3,Recovered,317.09
INV-2372,2026-02-20,Generic Decline,2,Failed,171.6
INV-2373,2026-02-22,Generic Decline,1,Recovered,371.24
INV-2374,2026-02-04,Expired Card,4,Failed,318.03
INV-2375,2026-02-24,Insufficient Funds,2,Failed,481.21
INV-2376,2026-02-04,Insufficient Funds,1,Failed,195.58
INV-2377,2026-02-25,Restricted Card,2,Failed,136.83
INV-2378,2026-02-22,Generic Decline,1,Failed,343.29
INV-2379,2026-02-05,Generic Decline,4,Recovered,480.31
INV-2380,2026-02-07,Insufficient Funds,3,Recovered,458.54
INV-2381,2026-02-23,Generic Decline,2,Failed,364.42
INV-2382,2026-02-14,Insufficient Funds,2,Failed,361.38
INV-2383,2026-02-05,Generic Decline,2,Failed,389.18
INV-2384,2026-02-06,Generic Decline,2,Failed,252.18
INV-2385,2026-02-16,Insufficient Funds,3,Failed,277.03
INV-2386,2026-02-11,Expired Card,3,Failed,276.07
INV-2387,2026-02-11,Generic Decline,3,Failed,342.09
INV-2388,2026-02-16,Insufficient Funds,1,Recovered,157.39
INV-2389,2026-02-22,Insufficient Funds,3,Recovered,260.2
INV-2390,2026-02-18,Insufficient Funds,3,Failed,211.58
INV-2391,2026-02-19,Restricted Card,2,Failed,150.01
INV-2392,2026-02-12,Expired Card,2,Failed,461.43
INV-2393,2026-02-14,Restricted Card,1,Recovered,430.48
INV-2394,2026-02-02,Restricted Card,4,Failed,206.35
INV-2395,2026-02-04,Generic Decline,4,Failed,255.04
INV-2396,2026-02-12,Generic Decline,4,Failed,426.0
INV-2397,2026-02-07,Insufficient Funds,3,Failed,53.33
INV-2398,2026-02-07,Insufficient Funds,4,Failed,406.7
INV-2399,2026-02-25,Restricted Card,4,Recovered,487.55
INV-2400,2026-02-19,Expired Card,1,Failed,245.27
INV-2401,2026-02-26,Restricted Card,1,Failed,66.77
INV-2402,2026-02-08,Generic Decline,1,Failed,212.66
INV-2403,2026-02-06,Expired Card,2,Failed,488.87
INV-2404,2026-02-13,Generic Decline,4,Failed,394.78
INV-2405,2026-02-26,Insufficient Funds,1,Failed,466.51
INV-2406,2026-02-22,Generic Decline,1,Recovered,88.94
INV-2407,2026-02-22,Generic Decline,2,Failed,470.36
INV-2408,2026-02-14,Generic Decline,3,Recovered,78.17
INV-2409,2026-02-09,Insufficient Funds,1,Failed,281.69
INV-2410,2026-02-23,Restricted Card,2,Failed,168.58
INV-2411,2026-02-21,Generic Decline,1,Failed,112.89
INV-2412,2026-02-10,Insufficient Funds,2,Failed,202.89
INV-2413,2026-02-07,Generic Decline,2,Recovered,459.91
INV-2414,2026-02-14,Insufficient Funds,4,Recovered,245.78
INV-2415,2026-02-04,Generic Decline,1,Failed,50.18
INV-2416,2026-02-19,Insufficient Funds,1,Failed,174.85
INV-2417,2026-02-23,Insufficient Funds,3,Failed,100.25
INV-2418,2026-02-15,Restricted Card,1,Recovered,137.71
INV-2419,2026-02-11,Expired Card,3,Failed,452.24
INV-2420,2026-02-04,Insufficient Funds,1,Failed,364.4
INV-2421,2026-02-15,Restricted Card,4,Failed,401.39
INV-2422,2026-02-13,Generic Decline,1,Failed,497.58
INV-2423,2026-02-08,Expired Card,2,Failed,354.21
INV-2424,2026-02-25,Generic Decline,2,Failed,178.25
INV-2425,2026-02-23,Generic Decline,1,Failed,462.94
INV-2426,2026-02-16,Insufficient Funds,1,Failed,293.07
INV-2427,2026-02-11,Insufficient Funds,3,Failed,229.84
INV-2428,2026-02-04,Insufficient Funds,3,Recovered,424.94
INV-2429,2026-02-11,Insufficient Funds,2,Recovered,71.54
INV-2430,2026-02-03,Expired Card,2,Failed,211.24
INV-2431,2026-02-05,Restricted Card,3,Failed,499.22
INV-2432,2026-02-11,Insufficient Funds,1,Failed,390.64
INV-2433,2026-02-23,Generic Decline,1,Failed,194.22
INV-2434,2026-02-07,Insufficient Funds,1,Failed,97.94
INV-2435,2026-02-11,Expired Card,3,Failed,87.4
INV-2436,2026-02-13,Expired Card,4,Failed,213.11
INV-2437,2026-02-21,Expired Card,2,Failed,139.44
INV-2438,2026-02-14,Generic Decline,2,Failed,351.81
INV-2439,2026-02-20,Generic Decline,2,Recovered,386.07
INV-2440,2026-02-08,Insufficient Funds,3,Failed,233.76
INV-2441,2026-02-18,Insufficient Funds,2,Recovered,256.35
INV-2442,2026-02-11,Insufficient Funds,3,Failed,485.62
INV-2443,2026-02-01,Generic Decline,2,Failed,58.44
INV-2444,2026-02-20,Expired Card,4,Failed,217.58
INV-2445,2026-02-10,Insufficient Funds,1,Failed,138.63
INV-2446,2026-02-23,Expired Card,3,Failed,452.21
INV-2447,2026-02-16,Insufficient Funds,1,Failed,120.92
INV-2448,2026-02-12,Generic Decline,4,Failed,237.79
INV-2449,2026-02-19,Insufficient Funds,4,Recovered,160.68
INV-2450,2026-02-17,Insufficient Funds,1,Failed,280.37
INV-2451,2026-02-04,Insufficient Funds,3,Failed,228.54
INV-2452,2026-02-19,Generic Decline,2,Recovered,95.42
INV-2453,2026-02-23,Restricted Card,1,Failed,301.24
INV-2454,2026-02-25,Insufficient Funds,3,Failed,341.53
INV-2455,2026-02-15,Insufficient Funds,1,Recovered,180.18
INV-2456,2026-02-12,Generic Decline,1,Failed,138.09
INV-2457,2026-02-01,Insufficient Funds,2,Failed,498.51
INV-2458,2026-02-15,Generic Decline,2,Failed,77.7
INV-2459,2026-02-18,Insufficient Funds,3,Failed,281.32
INV-2460,2026-02-01,Insufficient Funds,2,Failed,231.05
INV-2461,2026-02-22,Expired Card,4,Failed,363.9
INV-2462,2026-02-01,Insufficient Funds,1,Failed,409.41
INV-2463,2026-02-07,Expired Card,2,Failed,206.76
INV-2464,2026-02-13,Expired Card,4,Failed,367.21
INV-2465,2026-02-04,Generic Decline,3,Failed,232.19
INV-2466,2026-02-15,Insufficient Funds,2,Failed,225.24
INV-2467,2026-02-14,Generic Decline,3,Recovered,366.4
INV-2468,2026-02-07,Expired Card,1,Failed,400.32
INV-2469,2026-02-03,Restricted Card,1,Recovered,384.2
INV-2470,2026-02-13,Insufficient Funds,3,Failed,199.75
INV-2471,2026-02-19,Insufficient Funds,2,Failed,53.89
INV-2472,2026-02-02,Expired Card,3,Failed,93.59
INV-2473,2026-02-21,Generic Decline,2,Failed,397.23
INV-2474,2026-02-06,Insufficient Funds,2,Failed,290.23
INV-2475,2026-02-23,Expired Card,2,Failed,238.81
INV-2476,2026-02-19,Generic Decline,4,Failed,443.28
INV-2477,2026-02-07,Restricted Card,3,Failed,332.81
INV-2478,2026-02-07,Generic Decline,3,Failed,228.41
INV-2479,2026-02-15,Insufficient Funds,3,Failed,293.17
INV-2480,2026-02-18,Insufficient Funds,1,Failed,232.52
INV-2481,2026-02-25,Insufficient Funds,2,Failed,323.63
INV-2482,2026-02-15,Expired Card,1,Failed,423.14
INV-2483,2026-02-16,Generic Decline,4,Failed,261.5
INV-2484,2026-02-24,Restricted Card,1,Failed,453.8
INV-2485,2026-02-26,Insufficient Funds,3,Recovered,249.43
INV-2486,2026-02-19,Expired Card,3,Failed,185.84
INV-2487,2026-02-16,Insufficient Funds,3,Recovered,473.81
INV-2488,2026-02-10,Expired Card,4,Recovered,96.41
INV-2489,2026-02-22,Generic Decline,3,Failed,198.82
INV-2490,2026-02-05,Insufficient Funds,3,Recovered,484.52
INV-2491,2026-02-15,Generic Decline,4,Failed,98.79
INV-2492,2026-02-18,Generic Decline,4,Failed,460.35
INV-2493,2026-02-13,Insufficient Funds,4,Failed,425.82
INV-2494,2026-02-23,Generic Decline,4,Failed,136.06
INV-2495,2026-02-12,Insufficient Funds,2,Failed,446.19
INV-2496,2026-02-06,Generic Decline,3,Failed,491.52
INV-2497,2026-02-23,Insufficient Funds,1,Failed,448.34
INV-2498,2026-02-24,Insufficient Funds,2,Failed,248.99
INV-2499,2026-02-18,Insufficient Funds,1,Failed,407.21
